cat,var,arr
AF,AF_AccLatInflowratio,zone_df
AF,AF_Circ_is,
AF,AF_Depth,zonelayer_df
AF,AF_DepthAct,zone_df
AF,AF_DepthAvg,layer_df
AF,AF_DepthLay,layer_df
AF,AF_Depths,layer_df
AF,AF_DepthSlope,zone_df
AF,AF_HGW,zonelayer_df
AF,AF_LatInFlowRatio,zone_df
AF,AF_RelZoneTreeLeft,zonetree_df
AF,AF_RelZoneTreeNextLeft,zonetree_df
AF,AF_RelZoneTreeNextRight,zonetree_df
AF,AF_RelZoneTreeRight,zonetree_df
AF,AF_SlopeCurr,zone_df
AF,AF_TreePosit,tree_df
AF,AF_TreePositQ,layertree_df
AF,AF_Zone,zone_df
AF,AF_ZoneFrac,zone_df
AF,AF_ZoneFracC,zone_df
AF,AF_ZoneFracF,zone_df
AF,AF_ZoneTot,
AF,AF_ZoneTreeLeftRight,zonetree_df
AF,AF_ZoneWidth,zone_df
BC,BC_C,
BC,BC_CdailyRespforFix,
BC,BC_ChangStock,
BC,BC_CO2fromBurn,
BC,BC_CPhotoInc,
BC,BC_CPhotosynth,
BC,BC_Crop,
BC,BC_CropInit,
BC,BC_CstockChange,
BC,BC_CstocksInit,
BC,BC_CurrentCStock,
BC,BC_DiffFlows,
BC,BC_DWDeadWood,pcomp_df
BC,BC_DWFineNecroM,pcomp_df
BC,BC_ExtOrgAcc,
BC,BC_ExtOrgInput,
BC,BC_GWeffect_CO2_eq_g_per_m2,
BC,BC_HarvestedC,
BC,BC_HarvestedT,
BC,BC_Inflows,
BC,BC_NecromasC,
BC,BC_NetBal,
BC,BC_OrgC,
BC,BC_Outflows,
BC,BC_SeedInc,
BC,BC_SOM,
BC,BC_SOMInit,
BC,BC_TimeAvg_CStock,
BC,BC_TotalHarvested,
BC,BC_TotalRespired,
BC,BC_TPhotoInc,
BC,BC_TPhotosynth,
BC,BC_TPlantMatTot,
BC,BC_Tree,
BC,BC_TreeInit,
BC,BC_TreeInitTot,
BC,BC_TRespforFix,
BC,BC_TSeedInc,
BC,BC_Weed,
BC,BC_WeedCInflux,
BC,BC_WeedSeedIn,
BC,BC_WeedSeeds,
BN,BN_CBiomInc,nut_df
BN,BN_CBiomInit,nut_df
BN,BN_ChangeStocks,nut_df
BN,BN_CHarvCum,nut_df
BN,BN_CNdfaFrac,
BN,BN_CNFixCum,nut_df
BN,BN_CResidRemoved,nut_df
BN,BN_CropWeed,nut_df
BN,BN_CropBiom,nut_df
BN,BN_CropInit,nut_df
BN,BN_CUptCum,nut_df
BN,BN_CUptInc,nut_df
BN,BN_CUptTot,nut_df
BN,BN_EffluxTot,nut_df
BN,BN_ExtOrgAcc,nut_df
BN,BN_ExtOrgInputs,nut_df
BN,BN_Fert,nut_df
BN,BN_FertCum,nut_df
BN,BN_ImmInit,nut_df
BN,BN_ImmInput,nut_df
BN,BN_ImmInputF,nut_df
BN,BN_Immob,nut_df
BN,BN_ImmPool,nut_df
BN,BN_InfluxTot,nut_df
BN,BN_LatInCum,nut_df
BN,BN_LatOut,nut_df
BN,BN_LatOutCum,nut_df
BN,BN_Leaching,nut_df
BN,BN_LeachingTot,nut_df
BN,BN_Lit,nut_df
BN,BN_LitInit,nut_df
BN,BN_NetBal,nut_df
BN,BN_NutVolatCum,nut_df
BN,BN_OrgNP,nut_df
BN,BN_RootBiomasNP,nut_df
BN,BN_RunOff,nut_df
BN,BN_RunOffLoss,nut_df
BN,BN_ScorchWRem,pcomp_df
BN,BN_Som,nut_df
BN,BN_SOMInit,nut_df
BN,BN_SOMLit,nut_df
BN,BN_StockInit,nut_df
BN,BN_StocksTotInit,nut_df
BN,BN_StockTot,nut_df
BN,BN_StockZone,zonenut_df
BN,BN_SumofFluxes,nut_df
BN,BN_SurfRO,nut_df
BN,BN_THarvCumAll,pcomp_df
BN,BN_TNdfaFrac,tree_df
BN,BN_TNFixAmountCum,treenut_df
BN,BN_TreeInc,nut_df
BN,BN_TreeInit,nut_df
BN,BN_TUptCum,treenut_df
BN,BN_TUptInc,treenut_df
BN,BN_WeedBiom,nut_df
BN,BN_WeedSeedBank,nut_df
BN,BN_WeedSeedInit,nut_df
BS,BS_Check,
BS,BS_ErosionFilterEffect,
BS,BS_GrossErosionCum,
BS,BS_Neg,
BS,BS_NetErosionCum,
BS,BS_Pos,
BS,BS_SoilCurr,
BS,BS_SoilCurrZn,zone_df
BS,BS_SoilDelta,
BS,BS_SoilIncr,zone_df
BS,BS_SoilInflowCum,
BS,BS_SoilInit,
BS,BS_SoilInitZn,zone_df
BW,BW_CumEvapoTrans,
BW,BW_DrainCumV,
BW,BW_EffluxTot,
BW,BW_Evap,
BW,BW_EvapCum,
BW,BW_FluxDiff,
BW,BW_InfluxTot,
BW,BW_LatInCum,
BW,BW_LatOut,
BW,BW_LatOutCum,
BW,BW_NetBal,
BW,BW_RunOff,
BW,BW_RunOffCum,
BW,BW_RunOn,
BW,BW_RunOnCum,
BW,BW_StockChange,
BW,BW_StockInit,
BW,BW_StockTot,
BW,BW_UptC,
BW,BW_UptCCum,
BW,BW_UptT,tree_df
BW,BW_UptTCum,tree_df
BW,BW_UptWCum,
BW,BW_VDrain,
BW,BW_WeedEvap,
C,C_AgronYields,crop_df
C,C_AgronYieldsCum,crop_df
C,C_AgronYPerType,zonecrop_df
C,C_AgYieldAcc,zonecrop_df
C,C_Biom,zonepcomp_df
C,C_BiomCan,zonepcomp_df
C,C_BiomCan_is,zone_df
C,C_BiomCanAvg,pcomp_df
C,C_BiomforResp,zone_df
C,C_BiomHarv_is,
C,C_BiomHarvest,zonepcomp_df
C,C_BiomHarvestCum,zonepcomp_df
C,C_BiomHarvestDay,
C,C_BiomHarvestDoY,
C,C_BiomHarvestEvent,
C,C_BiomHarvestFracD,
C,C_BiomHarvestPast,
C,C_BiomHarvestY,
C,C_BiomInc,zonepcomp_df
C,C_BiomStLv,zonepcomp_df
C,C_CanUp,zone_df
C,C_CropDayAc,zone_df
C,C_CropDays,zone_df
C,C_CumLim,zonelimit_df
C,C_CurLimFac,zonelimit_df
C,C_FracLim,limit_df
C,C_FruitLoss,zonepcomp_df
C,C_GroRes,zonepcomp_df
C,C_GrowsToday_is,
C,C_HarvestCum,zonepcomp_df
C,C_HarvIndAct,zone_df
C,C_Height,zone_df
C,C_HeightDec,zone_df
C,C_HeightInc,zone_df
C,C_HydEqFluxes,zone_df
C,C_Init,zonepcomp_df
C,C_LAI,zone_df
C,C_LAIMax,zone_df
C,C_MaintResp,zone_df
C,C_NBiom,zonenut_df
C,C_NDeficit,zonenut_df
C,C_NDemand,zonenut_df
C,C_NDfaTot,zonenut_df
C,C_NewCropPlanted,
C,C_NFIX,zonenut_df
C,C_NHarvestCum,zonenut_df
C,C_NInit,zonenut_df
C,C_NNecroLitF,zonenut_df
C,C_NPosgro,zonenut_df
C,C_NResidMulch,zonenut_df
C,C_NResidRemoved,zonenut_df
C,C_NRoot,zonenut_df
C,C_NTarget,zonenut_df
C,C_NTargetNBiomRatio,zonenut_df
C,C_NUptDeno,zonenut_df
C,C_NUptPot,zonenut_df
C,C_NUptRel,zonelayernut_df
C,C_NUptRelDeno,zonenut_df
C,C_NUptTot,zonenut_df
C,C_NWeedSeed,zonenut_df
C,C_NYield,zonenut_df
C,C_PlantDiesToday_is,zone_df
C,C_PotGroRed,zone_df
C,C_Resid,zonepcomp_df
C,C_ResidLast,zonepcomp_df
C,C_ResidMulch,zonepcomp_df
C,C_ResidRecycle,zonepcomp_df
C,C_ResidRemoved,zonepcomp_df
C,C_Respiration,zonepcomp_df
C,C_RespTemp,zone_df
C,C_Root,zonelayer_df
C,C_Root,zonelayer_df
C,C_Root,zonelayer_df
C,C_RootGrowth,zonepcomp_df
C,C_RootPlComp,zonepcomp_df
C,C_RtAllocAct,zonelayer_df
C,C_RtDecay,zonelayer_df
C,C_RtDecay,zonelayer_df
C,C_RtDecay,zonelayer_df
C,C_RtIncr,zonelayer_df
C,C_RtIncr,zonelayer_df
C,C_RtIncr,zonelayer_df
C,C_StLeafInc,zonepcomp_df
C,C_StLeaveMulch,zonepcomp_df
C,C_StRt,zone_df
C,C_TempDevStage,
C,C_WeedGermin,zonepcomp_df
C,C_WeedSeedBank,zonepcomp_df
C,C_WeedSeedDecay,zonepcomp_df
C,C_WeedSeedFall,zonepcomp_df
C,C_WeedSeedInflux,zonepcomp_df
C,C_Yield,zonepcomp_df
C,C_YieldCurr,zonepcomp_df
C,C_YieldInc,zonepcomp_df
CA,CA_ComplCrop,zone_df
CA,CA_CropSequen,zone_df
CA,CA_ExtOrg,inp_df
CA,CA_ExtOrgApply_is,inp_df
CA,CA_ExtOrgAppZn,zoneinp_df
CA,CA_FertAmount,zone_df
CA,CA_FertApp,
CA,CA_FertAppDoY,
CA,CA_FertApply_is,nut_df
CA,CA_FertAppTime,
CA,CA_FertAppYear,
CA,CA_FertN,nut_df
CA,CA_FertNZn,zonenut_df
CA,CA_ImmAmount,zonenut_df
CA,CA_ImmApp,nut_df
CA,CA_ImmDOY,nut_df
CA,CA_ImmInput,zonenut_df
CA,CA_ImmTime,nut_df
CA,CA_ImmY,nut_df
CA,CA_PastFertApp,
CA,CA_PastImmInp,nut_df
CA,CA_PlantDoY,zone_df
CA,CA_PlantTime,zone_df
CA,CA_PlantYear,zone_df
CENT,CENT_Bal_NP_Total,nut_df
CENT,CENT_BalLitter,nut_df
CENT,CENT_BalNeg,nut_df
CENT2,CENT2_BalNeg,nut_df
CENT,CENT_BalPos,nut_df
CENT2,CENT2_BalPos,nut_df
CENT,CENT_COTot,
CENT,CENT_ExtInpNInc,nut_df
CENT,CENT_ExtOrgInputs,nut_df
CENT,CENT_InputCOTot,
CENT2,CENT2_LitMetStrInit,nut_df
CENT2,CENT2_LitSomTransfAcc,nut_df
CENT,CENT_LitterNInc,nut_df
CENT,CENT_LitterNInflow,nut_df
CENT2,CENT2_LittPoolsInit,nut_df
CENT,CENT_MetStrCTot,
CENT,CENT_NInc,nut_df
CENT2,CENT2_NInc,nut_df
CENT,CENT_NOut,nut_df
CENT2,CENT2_NOut,nut_df
CENT,CENT_SOMCOTot,
CENT,CENT_SOMCTot,
CENT2,CENT2_SOMMetStrInit,nut_df
CENT2,CENT2_SOMNInc,nut_df
CENT2,CENT2_SOMNinflow,nut_df
CENT2,CENT2_SOMPoolsInit,nut_df
CENT,CENT_StockInit,nut_df
CENT2,Cent2LitSomAcc,nut_df
CQ,CQ_AgronYieldMoistFrac,zone_df
CQ,CQ_C,zone_df
CQ,CQ_CHarvAlloc,zonecrop_df
CQ,CQ_CHarvAllocCurr,zone_df
CQ,CQ_ClosedCanCurr,zone_df
CQ,CQ_CLWR,zonecrop_df
CQ,CQ_CLWRCurr,zone_df
CQ,CQ_ConductivityCurr,zone_df
CQ,CQ_CovEffCurr,zone_df
CQ,CQ_CRelLUE,zonecrop_df
CQ,CQ_CRelLUECurr,zone_df
CQ,CQ_CropType,zone_df
CQ,CQ_CropWeedSwitch,zone_df
CQ,CQ_CRtAlloc,zonecrop_df
CQ,CQ_CRtAllocCurr,zone_df
CQ,CQ_CSLA,zonecrop_df
CQ,CQ_CSLACurr,zone_df
CQ,CQ_CTimeGenCurr,zone_df
CQ,CQ_CTimeVegCurr,zone_df
CQ,CQ_CType,zone_df
CQ,CQ_CWswitch,zone_df
CQ,CQ_DOYFlwDOYBegin,zone_df
CQ,CQ_DOYFlwEnd,zone_df
CQ,CQ_GroMaxCurr,zone_df
CQ,CQ_GSeedCurr,zone_df
CQ,CQ_HBiomConvCurr,zone_df
CQ,CQ_kLightCurr,zone_df
CQ,CQ_LignResidCurr,zone_df
CQ,CQ_LignRootResCurr,zone_df
CQ,CQ_MaxMycInf,zone_df
CQ,CQ_NConcOldCurr,zonenut_df
CQ,CQ_NConcYoungCurr,zonenut_df
CQ,CQ_NFixDailyFracCurr,zone_df
CQ,CQ_NFixDWMaxFracCurr,zone_df
CQ,CQ_NFixDWUnitCostCurr,zone_df
CQ,CQ_NFixRespCurr,zone_df
CQ,CQ_NFixVariable_isCurr,zone_df
CQ,CQ_NRtConcCurr,zone_df
CQ,CQ_PolyResid,zone_df
CQ,CQ_PolyRt,zone_df
CQ,CQ_PotSuctAlphMaxCurr,zone_df
CQ,CQ_PotSuctAlphMinCurr,zone_df
CQ,CQ_RainWStorCapCurr,zone_df
CQ,CQ_RelLightMaxCurr,zone_df
CQ,CQ_RemobFrac,zone_df
CQ,CQ_RtDiam,zone_df
CQ,CQ_SingleCycle_isCur,zone_df
CQ,CQ_Stage,zone_df
CQ,CQ_StageAfterHarvest,zone_df
CQ,CQ_StageInc,zone_df
CQ,CQ_TranspRatioCurr,zone_df
CQ,CQ_WeedRestart_is,zone_df
CQ,CQ_WeedZn_is,zone_df
CW,CW_Best,zonebuf_df
CW,CW_CheckShouldBe,zone_df
CW,CW_Conduct,zonelayer_df
CW,CW_ConductSum,zone_df
CW,CW_DemandAct,zone_df
CW,CW_DemandActRange,zonebuf_df
CW,CW_DemandPerRoot,zone_df
CW,CW_DemandPot,zone_df
CW,CW_DemandRedFac,zone_df
CW,CW_DemRedFacRange,zonebuf_df
CW,CW_DriestVoxel,zone_df
CW,CW_DryFactRangePower,zone_df
CW,CW_DryFactRangeUpdate,zone_df
CW,CW_DrySoilFact,zonebuf_df
CW,CW_EqTheta,zonelayer_df
CW,CW_HEGrad,zonelayer_df
CW,CW_HEqFactor,zone_df
CW,CW_Hyd,zonelayer_df
CW,CW_HydF,zonelayer_df
CW,CW_HydFlux,zonelayer_df
CW,CW_HydFluxPosTot,zone_df
CW,CW_HydR,zonelayer_df
CW,CW_HydRInvSum,zone_df
CW,CW_m,zone_df
CW,CW_MaxUptofRange,zone_df
CW,CW_pF,zonebuf_df
CW,CW_Posgro,zone_df
CW,CW_Pot,zone_df
CW,CW_PotAct,zone_df
CW,CW_PotActCor,zone_df
CW,CW_PotActRange,zonebuf_df
CW,CW_PotDelta,zonelayer_df
CW,CW_PotFlux,zonelayer_df
CW,CW_PotFluxNeg,zone_df
CW,CW_PotFluxPos,zone_df
CW,CW_PotFluxSum,zone_df
CW,CW_PotFluxSumAbs,zonelayer_df
CW,CW_PotRadial,zone_df
CW,CW_PotRange,zonebuf_df
CW,CW_PotSoil,zonebuf_df
CW,CW_PotSoilbest,zone_df
CW,CW_PotSoilMax,zone_df
CW,CW_PotSoilMin,zone_df
CW,CW_PotSuctHalf,zone_df
CW,CW_PotUptRange,zonebuf_df
CW,CW_PStem,zonelayer_df
CW,CW_PStemSum,zone_df
CW,CW_PU,zonelayerbuf_df
CW,CW_ScalingFacNeg,zone_df
CW,CW_ScalingFacPos,zone_df
CW,CW_ThetaRange,zonelayerbuf_df
CW,CW_UptDeno,zone_df
CW,CW_UptPot,zone_df
CW,CW_UptRel,zonelayer_df
CW,CW_UptRelDeno,zone_df
CW,CW_UptTot,zone_df
CW,CW_WettestVoxel,zone_df
CW,CW_YDayWUotChange,zone_df
E,E_Alpha,
E,E_BulkDens,
E,E_CovEffT,tree_df
E,E_CoverFac,zone_df
E,E_CoverSum,zone_df
E,E_CumSoilInflowZn,zone_df
E,E_Epsilon,
E,E_Erosiveness,
E,E_ErosRose,zone_df
E,E_ErosUSLE,zone_df
E,E_Heat,
E,E_PloughDoY,
E,E_PloughEvent,
E,E_PloughPast,
E,E_PloughTime_is,zone_df
E,E_PloughTimeCal,
E,E_PloughY,
E,E_Rain,zone_df
E,E_SedConAvg,
E,E_SedConcinRunOff,zone_df
E,E_SlopeFac,zone_df
E,E_SoilInflow,zone_df
E,E_SoilLoss,zone_df
E,E_SoilLossCumZn,zone_df
E,E_SoilMoveCurr,zone_df
E,E_SoilMovPlou,zone_df
E,E_TopSoilDepthAct,zone_df
EVAP,EVAP_CropWatDem,zone_df
EVAP,EVAP_DailyPot,
EVAP,EVAP_EpotDemandNotMetBy,
EVAP,EVAP_FromDeadWood,zone_df
EVAP,EVAP_InitWoodMoist,zone_df
EVAP,EVAP_LightNotCaptured,zone_df
EVAP,EVAP_Pot,
EVAP,EVAP_PotSoilEvap,zone_df
EVAP,EVAP_RedFact,zone_df
EVAP,EVAP_SlashEvap,zone_df
EVAP,EVAP_SlashInit,zone_df
EVAP,EVAP_SlashWater,zone_df
EVAP,EVAP_Surf,zone_df
EVAP,EVAP_SurfCum,zone_df
EVAP,EVAP_TreeWatDem,tree_df
EVAP,EVAP_TTranspHist,
EVAP,EVAP_WoodMoist,zone_df
EVAP,EVAP_YesterdayTTransp,
G,G_Animal,pcomp_df
G,G_AnimalBehModifiedManWght,zone_df
G,G_AttrractGrasStL,zone_df
G,G_BiomassGrazed,pcomp_df
G,G_BiomDep,zone_df
G,G_CumFeedSufficiency,pcomp_df
G,G_Feed,pcomp_df
G,G_GrazeAccess,zone_df
G,G_Grazed,pcomp_df
G,G_Grazed,pcomp_df
G,G_GrazedBiomCum,pcomp_df
G,G_GrazedPerZone,zonepcomp_df
G,G_GrazeResp,pcomp_df
G,G_GrazeToday_is,
G,G_GrazingPressure,
G,G_LivestWeightGain,pcomp_df
G,G_ManureDirectWeight,zone_df
G,G_ManureInputPerZone,zonepcomp_df
G,G_ManureProd,pcomp_df
G,G_Ndep,zone_df
G,G_Pasture,
G,G_StageDep,zone_df
G,G_ZoneGrazeFrac,zone_df
GHG,GHG_AnaerobIndic,zone_df
GHG,GHG_AnaerobIndicCh,zone_df
GHG,GHG_CHFluxFld,
GHG,GHG_CHFluxZn,zone_df
GHG,GHG_Cum_CH4_emission,
GHG,GHG_EffWaterfPoreF,zone_df
GHG,GHG_GWP_N2O_CH4,
GHG,GHG_N,zone_df
GHG,GHG_N,zone_df
GHG,GHG_N2_Fraction,
GHG,GHG_N2O_Fraction,
GHG,GHG_N,zone_df
GHG,GHG_Net,zone_df
GHG,GHG_NFluxEmZn,zone_df
GHG,GHG_NFluxFld,
GHG,GHG_NgasEmissionFCum,
GHG,GHG_NgasEmissionFlux,zone_df
GHG,GHG_NgassLossFluxField,
GHG,GHG_NitOxEm,zonelayer_df
GHG,GHG_Nitric,zone_df
GHG,GHG_Nitrous,zone_df
GHG,GHG_NLossSubs,zone_df
GHG,GHG_NO,zone_df
GHG,GHG_NO_Fraction,
GHG,GHG_NO,zone_df
GHG,GHG_NO,
GHG,GHG_NOFluxFld,
GHG,GHG_TotNloss,zone_df
LIGHT,LIGHT_CRelCap,zone_df
LIGHT,LIGHT_CRelSupply,zone_df
L,L_Bottom,zone_df
L,L_Mid,zone_df
L,L_MidBot,zone_df
L,L_MidTop,zone_df
L,L_Top,zone_df
LF,LF_AvgWatDef,layer_df
LF,LF_HDrainCum,layer_df
LF,LF_HMaxDailyFlow,zonelayer_df
LF,LF_HMaxMailyFlow,zone_df
LF,LF_InflowFromGW,layer_df
LF,LF_LatAc,layer_df
LF,LF_LatInCum,layer_df
LF,LF_LatInflow,layer_df
LF,LF_MaxProfHOutflow,
LF,LF_MaxProfVAbsorption,
LF,LF_MaxVInflow,zonelayer_df
LF,LF_MVIZF,zonelayer_df
LF,LF_RelDistInflowFromGW,layer_df
LF,LF_RunOn,
LF,LF_SICZF,zone_df
LF,LF_UphillGWIncr,
LF,LF_UphillGWRelease,
LF,LF_UphillGWStore,
LF,LF_UpHillRainIn,
LF,LF_VertFlow,layer_df
LF,LF_VMaxDailyFlow,zonelayer_df
MC,MC_,zone_df
MC,MC_Act,zone_df
MC2,MC2_Act,zonelayer_df
MC2,MC2_Act,zonelayer_df
MC,MC_Act,zone_df
MC2,MC2_Act,zonelayer_df
MC,MC_ActCO,zone_df
MC2,MC2_ActCO,zone_df
MC,MC_ActCOIn,zone_df
MC2,MC2_ActCOIn,zonelayer_df
MC,MC_ActDecomDec,zonenut_df
MC2,MC2_ActDecomDec,zonelayer_df
MC,MC_ActDecomDecMin,zone_df
MC2,MC2_ActDecomDecMin,zonelayer_df
MC,MC_ActLitSomTransFrac,zone_df
MC,MC_ActPass,zone_df
MC2,MC2_ActPass,zonelayer_df
MC,MC_ActPassF,zone_df
MC2,MC2_ActPassF,zonelayer_df
MC,MC_ActResp,
MC2,MC2_ActResp,
MC,MC_ActSlw,zone_df
MC2,MC2_ActSlw,zonelayer_df
MC,MC_ActSlwF,zone_df
MC2,MC2_ActSlwF,zonelayer_df
MC,MC_ActTot,zone_df
MC2,MC2_Clay,
MC2,MC2_ClayperZone,zone_df
MC2,MC2_CorgInit,
MC2,MC2_CrefMeth,
MC2,MC2_CSlowFrac,
MC,MC_EffActSlw,
MC2,MC2_EffActSlw,
MC2,MC2_InputLign,zonelayer_df
MC2,MC2_InputRtAmount,zonelayer_df
MC2,MC2_kActCorrectedLayer,zone_df
MC,MC_kActCur,zone_df
MC2,MC2_kActCur,zonelayer_df
MC,MC_kMetabCur,zone_df
MC2,MC2_kMetabCur,zonelayer_df
MC2,MC2_kPassCorrectedLayer,zone_df
MC,MC_kPassCur,zone_df
MC2,MC2_kPassCur,zonelayer_df
MC2,MC2_KSlowPassCurr,zonelayer_df
MC2,MC2_kSlwCorrectedLayer,zone_df
MC,MC_kSlwCur,zone_df
MC2,MC2_kSlwCur,zonelayer_df
MC,MC_kStrucCur,zone_df
MC2,MC2_kStrucCur,zonelayer_df
MC,MC_LAIperNecmss,zone_df
MC2,MC2_LitSomTrans,zonecpools_df
MC,MC_LitTemp,zone_df
MC,MC_LitTempLim,zone_df
MC,MC_LitterAmount,zone_df
MC,MC_LitterC,zone_df
MC,MC_LitterLignPolyp,zone_df
MC2,MC2_Met,zonelayer_df
MC,MC_Met,zone_df
MC2,MC2_Met,zonelayer_df
MC,MC_Metab,zone_df
MC2,MC2_Metab,zonelayer_df
MC,MC_MetabActF,zone_df
MC2,MC2_MetabActF,zonelayer_df
MC,MC_MetabCO,zone_df
MC2,MC2_MetabCO,zone_df
MC,MC_MetabCOIn,zone_df
MC2,MC2_MetabCOIn,zonelayer_df
MC,MC_MetabIn,zone_df
MC2,MC2_MetabIn,zonelayer_df
MC,MC_MetabTot,zone_df
MC,MC_MetLitSomTransFrac,zone_df
MC2,MC2_OrgC,zone_df
MC2,MC2_OrgC,zone_df
MC2,MC2_OrgInpC,zonelayer_df
MC,MC_Pas,zone_df
MC,MC_Pass,zone_df
MC2,MC2_Pass,zonelayer_df
MC2,MC2_Pass,zonelayer_df
MC2,MC2_Pass,zonelayer_df
MC,MC_PassAct,zone_df
MC2,MC2_PassAct,zonelayer_df
MC,MC_PassCO,zone_df
MC2,MC2_PassCO,zone_df
MC,MC_PassCOIn,zone_df
MC2,MC2_PassCOIn,zonelayer_df
MC,MC_PassLitSomTransFrac,zone_df
MC,MC_PassTot,zone_df
MC2,MC2_RelImpDeno,zone_df
MC2,MC2_RHDrain,zonelayer_df
MC2,MC2_Silt,
MC2,MC2_SiltClayCoeffCref,
MC2,MC2_SiltperZone,zone_df
MC2,MC2_Slow,zonelayer_df
MC,MC_Slw,zone_df
MC2,MC2_Slw,zonelayer_df
MC,MC_Slw,zone_df
MC2,MC2_Slw,zonelayer_df
MC,MC_SlwAct,zone_df
MC2,MC2_SlwAct,zonelayer_df
MC,MC_SlwCO,zone_df
MC2,MC2_SlwCO,zone_df
MC,MC_SlwCOIn,zone_df
MC2,MC2_SlwCOIn,zonelayer_df
MC,MC_SlwDecomDec,zone_df
MC2,MC2_SlwDecomDec,zone_df
MC,MC_SlwDecomDecMin,zonenut_df
MC2,MC2_SlwDecomDecMin,zonenut_df
MC,MC_SlwLitSomTransFrac,zone_df
MC,MC_SlwPassF,zone_df
MC2,MC2_SlwPassF,zonelayer_df
MC,MC_SlwTot,zone_df
MC,MC_SplitMet,zone_df
MC2,MC2_SplitMet,zonelayer_df
MC,MC_Str,zone_df
MC,MC_Struc,zone_df
MC2,MC2_Struc,zonelayer_df
MC2,MC2_Struc,zonelayer_df
MC2,MC2_Struc,zonelayer_df
MC,MC_StrucActCO,zone_df
MC2,MC2_StrucActCO,zone_df
MC,MC_StrucActCOIn,zone_df
MC2,MC2_StrucActCOIn,zonelayer_df
MC,MC_StrucActF,zone_df
MC2,MC2_StrucActF,zonelayer_df
MC,MC_StrucIn,zone_df
MC2,MC2_StrucIn,zonelayer_df
MC,MC_StrucLig,zone_df
MC2,MC2_StrucLig,zonelayer_df
MC,MC_StrucSlwCO,zone_df
MC2,MC2_StrucSlwCO,zone_df
MC,MC_StrucSlwCOIn,zone_df
MC,MC_StrucSlwCOIn,zonelayer_df
MC,MC_StrucSlwF,zone_df
MC2,MC2_StrucSlwF,zonelayer_df
MC,MC_StrucTot,zone_df
MC,MC_StructSlwF,zone_df
MC2,MC2_TempLim,zonelayer_df
MC2,MC2_Theta,zonelayer_df
MC,MC_ThetaLim,zone_df
MC2,MC2_ThetaLim,zonelayer_df
MC,MC_ThetaLitter,zone_df
MC2,MC2_TillageEvent,zone_df
MN,MN_Act,zonenut_df
MN2,MN2_Act,zonelayer_df
MN,MN_Act,zonenut_df
MN2,MN2_Act,zonelayer_df
MN2,MN2_ActCorrectedInit,zone_df
MN2,MN2_ActInit,zone_df
MN2,MN2_ActInitF,zone_df
MN2,MN2_ActLayer,zonelayer_df
MN,MN_ActMin,zonenut_df
MN2,MN2_ActMin,zonelayer_df
MN,MN_ActMinF,zonenut_df
MN2,MN2_ActMinF,zonelayer_df
MN,MN_ActPass,zonenut_df
MN2,MN2_ActPass,zonelayer_df
MN,MN_ActPassF,zonenut_df
MN2,MN2_ActPassF,zonelayer_df
MN,MN_ActS,zonenut_df
MN2,MN2_ActS,zonelayer_df
MN,MN_ActSlw,zonenut_df
MN2,MN2_ActSlw,zonelayer_df
MN,MN_ActSlwF,zonenut_df
MN2,MN2_ActSlwF,zonelayer_df
MN2,MN2_CentMinFlows,zonenut_df
MN,MN_CNActAct,zonenut_df
MN2,MN2_CNActAct,zonelayer_df
MN,MN_CNMetab,zonenut_df
MN2,MN2_CNMetab,zonelayer_df
MN,MN_CNSlwAct,zonenut_df
MN2,MN2_CNSlwAct,zonelayer_df
MN,MN_CNStrucActual,zonenut_df
MN,MN_DecAct,zonenut_df
MN2,MN2_DecAct,zonelayer_df
MN,MN_DecActMet,zonenut_df
MN2,MN2_DecActMet,zonelayer_df
MN,MN_DecActSt,zonenut_df
MN2,MN2_DecActSt,zonelayer_df
MN,MN_DecPass,zonenut_df
MN2,MN2_DecPass,zonelayer_df
MN,MN_DecSlw,zonenut_df
MN2,MN2_DecSlw,zonelayer_df
MN,MN_DecStrucSlw,zonenut_df
MN2,MN2_DecStrucSlw,zonelayer_df
MN2,MN2_DeltaPassSum,zone_df
MN,MN_DemActMet,zonenut_df
MN2,MN2_DemActMet,zonelayer_df
MN,MN_DemActSt,zonenut_df
MN2,MN2_DemActSt,zonelayer_df
MN,MN_DemStrucSlw,zonenut_df
MN2,MN2_DemStrucSlw,zonelayer_df
MN,MN_ExtOrgInpN,zonenut_df
MN,MN_FertDissF,zonenut_df
MN,MN_FertNZn,zonenut_df
MN,MN_FertOnSoil,zonenut_df
MN,MN_ImmobAct,zonenut_df
MN2,MN2_ImmobAct,zonelayer_df
MN,MN_ImmobStrucSlw,zonenut_df
MN2,MN2_ImmobStrucSlw,zonelayer_df
MN,MN_LatFlowFert,zonenut_df
MN,MN_LitInpN,zonenut_df
MN,MN_LitterNConc,zonenut_df
MN,MN_Met,zonenut_df
MN2,MN2_Met,zonelayer_df
MN,MN_Metab,zonenut_df
MN2,MN2_Metab,zonelayer_df
MN,MN_MetabActF,zonenut_df
MN2,MN2_MetabActF,zonelayer_df
MN,MN_MetabIn,zonenut_df
MN2,MN2_MetabIn,zonelayer_df
MN,MN_MetabMinF,zonenut_df
MN2,MN2_MetabMinF,zonelayer_df
MN,MN_MetabS,zonenut_df
MN2,MN2_MetabS,zonelayer_df
MN2,MN2_MinDueToSB,zonelayer_df
MN2,MN2_MinerActLayer,zonelayer_df
MN,MN_Mineralization,zonenut_df
MN2,MN2_MinerPassLayer,zonelayer_df
MN2,MN2_MinerSlwLayer,zonelayer_df
MN,MN_MinNutpool,zonenut_df
MN2,MN2_MinNutpool,zonelayer_df
MN,MN_MinNutTot,nut_df
MN2,MN2_OrgInpRtConc,zonelayer_df
MN2,MN2_OrgInpRtN,zonelayer_df
MN2,MN2_OrgN,zone_df
MN2,MN2_OrgNLeached,zone_df
MN,MN_Pas,zonenut_df
MN2,MN2_Pas,zonelayer_df
MN,MN_PasMinF,zonenut_df
MN,MN_Pass,zonenut_df
MN2,MN2_Pass,zonelayer_df
MN,MN_PassAct,zonenut_df
MN2,MN2_PassAct,zonelayer_df
MN2,MN2_PassCorrectedLayer,zonelayer_df
MN2,MN2_PassCorrectedSumInit,zone_df
MN2,MN2_PassInit,zone_df
MN2,MN2_PassInitF,zone_df
MN2,MN2_PassInitLayer,zonelayer_df
MN2,MN2_PassLayer,zonelayer_df
MN2,MN2_PassMinF,zonelayer_df
MN,MN_PassS,zonenut_df
MN2,MN2_PassS,zonelayer_df
MN2,MN2_RelImpLayer,zonelayer_df
MN2,MN2_RelImpPass,zone_df
MN,MN_RunOffFert,zonenut_df
MN,MN_Slw,zonenut_df
MN2,MN2_Slw,zonelayer_df
MN,MN_Slw,zonenut_df
MN2,MN2_Slw,zonelayer_df
MN,MN_SlwAct,zonenut_df
MN2,MN2_SlwAct,zonelayer_df
MN2,MN2_SlwCorrectedInit,zone_df
MN2,MN2_SlwInit,zone_df
MN2,MN2_SlwInitF,zone_df
MN2,MN2_SlwLayer,zonelayer_df
MN,MN_SlwMin,zonenut_df
MN2,MN2_SlwMin,zonelayer_df
MN,MN_SlwMinF,zonenut_df
MN2,MN2_SlwMinF,zonelayer_df
MN,MN_SlwPassF,zonenut_df
MN2,MN2_SlwPassF,zonelayer_df
MN,MN_SlwS,zonenut_df
MN2,MN2_SlwS,zonelayer_df
MN2,MN2_SomMinExch,zonelayer_df
MN,MN_Str,zonenut_df
MN,MN_Struc,zonenut_df
MN2,MN2_Struc,zonelayer_df
MN2,MN2_Struc,zonelayer_df
MN,MN_StrucActF,zonenut_df
MN2,MN2_StrucActF,zonelayer_df
MN,MN_StrucIn,zonenut_df
MN2,MN2_StrucIn,zonelayer_df
MN,MN_StrucMinF,zonenut_df
MN2,MN2_StrucMinF,zonelayer_df
MN,MN_StrucS,zonenut_df
MN2,MN2_StrucS,zonelayer_df
MN,MN_StrucSlwF,zonenut_df
MN2,MN2_StrucSlwF,zonelayer_df
MN,MN_TotLitSomTrans,zonenut_df
MNP,MNP_MinNutPool,zonenut_df
MP2,MP2_Act,zonelayer_df
MP2,MP2_Act,zonelayer_df
MP2,MP2_ActMin,zonelayer_df
MP2,MP2_ActMinF,zonelayer_df
MP2,MP2_ActPass,zonelayer_df
MP2,MP2_ActPassF,zonelayer_df
MP2,MP2_ActS,zonelayer_df
MP2,MP2_ActSlw,zonelayer_df
MP2,MP2_ActSlwF,zonelayer_df
MP2,MP2_CNActAct,zonelayer_df
MP2,MP2_CNMetab,zonelayer_df
MP2,MP2_CPSlwAct,zonelayer_df
MP2,MP2_DecAct,zonelayer_df
MP2,MP2_DecActMet,zonelayer_df
MP2,MP2_DecActStP,zonelayer_df
MP2,MP2_DecPass,zonelayer_df
MP2,MP2_DecSlw,zonelayer_df
MP2,MP2_DecStrucSlw,zonelayer_df
MP2,MP2_DemActMet,zonelayer_df
MP2,MP2_DemActSt,zonelayer_df
MP2,MP2_DemStrucSlw,zonelayer_df
MP2,MP2_ImmobAct,zonelayer_df
MP2,MP2_ImmobStrucSlw,zonelayer_df
MP2,MP2_Met,zonelayer_df
MP2,MP2_Metab,zonelayer_df
MP2,MP2_MetabActF,zonelayer_df
MP2,MP2_MetabIn,zonelayer_df
MP,MP_MetabMinF,zonelayer_df
MP2,MP2_MetabS,zonelayer_df
MP2,MP2_MinDueToSB,zonelayer_df
MP2,MP2_MinNutpool,zonelayer_df
MP2,MP2_OrgInpRtConc,zonelayer_df
MP2,MP2_OrgInpRtP,zonelayer_df
MP2,MP2_OrgP,zone_df
MP2,MP2_OrgP,zone_df
MP2,MP2_Pas,zonelayer_df
MP2,MP2_Pass,zonelayer_df
MP2,MP2_PassAct,zonelayer_df
MP2,MP2_PassMinF,zonelayer_df
MP2,MP2_PassS,zonelayer_df
MP2,MP2_Slw,zonelayer_df
MP2,MP2_Slw,zonelayer_df
MP2,MP2_SlwAct,zonelayer_df
MP2,MP2_SlwMin,zonelayer_df
MP2,MP2_SlwMinF,zonelayer_df
MP2,MP2_SlwPassF,zonelayer_df
MP2,MP2_SlwS,zonelayer_df
MP2,MP2_SomMinExch,zonelayer_df
MP2,MP2_Str,zonelayer_df
MP2,MP2_Struc,zonelayer_df
MP2,MP2_StrucActF,zonelayer_df
MP2,MP2_StrucIn,zonelayer_df
MP2,MP2_StrucMinF,zonelayer_df
MP2,MP2_StrucS,zonelayer_df
MP2,MP2_StrucSlwF,zonelayer_df
N,N_AtmInp,nut_df
N,N_AvgLeachConc,layernut_df
N15,N15_C,zone_df
N15,N15_C,zone_df
N15,N15_C,zone_df
N15,N15_C,zone_df
N15,N15_C,zone_df
N15,N15_C,zone_df
N15,N15_C,zone_df
N15,N15_C,zone_df
N15,N15_C,zone_df
N15,N15_C,zone_df
N15,N15_C,zone_df
N15,N15_C,zone_df
N15,N15_C,zone_df
N15,N15_C,zone_df
N15,N15_C,zone_df
N15,N15_C,zone_df
N15,N15_C,zone_df
N,N_CNutMob,zonenut_df
N,N_CRhizKaPM,zonelayer_df
N,N_CRhizKaPMod,zone_df
N,N_CRhizVol,zonelayer_df
N,N_Cterm,zonelayernut_df
N,N_CTUptPot,zonelayernut_df
N,N_CumAtmInput,nut_df
N,N_CUpt,zonelayernut_df
N15,N15_CUpt,zonelayer_df
N,N_CUptPot,zonelayernut_df
N,N_CUptPotAct,zonelayernut_df
N,N_Diff,zonelayernut_df
N,N_EdgeFF,nut_df
N,N_EdgeFFH,nut_df
N,N_EdgeFFV,nut_df
N,N_HLeach,zonelayernut_df
N,N_ImmInput,zonenut_df
N,N_ImmobileNut,zonelayernut_df
N,N_In,zonelayernut_df
N,N_Init,zonelayernut_df
N,N_Ka,zonelayernut_df
N,N_KaLeach,zonelayernut_df
N,N_KaP,zonelayer_df
N,N_KaPDef,zonelayer_df
N,N_LatInFlow,layernut_df
N,N_LatInflowCum,layernut_df
N,N_LatNutInflow,layernut_df
N,N_LatOutFlow,zonelayernut_df
N,N_LatOutflowCum,layernut_df
N,N_LeachConc,zonelayernut_df
N,N_LeachCumV,zonenut_df
N,N_LeachOutx,zonenut_df
N,N_LocFF3i,zonelayernut_df
N,N_LossAcc,zonelayernut_df
N,N_LossiCum,zonelayernut_df
N,N_NGassLoss,zonelayer_df
N,N_NInit,zonelayer_df
N,N_NLossCum,zonelayer_df
N,N_NutMobil,zonelayernut_df
N15,N15_ResidMulch,zone_df
N,N_RhizCShare,zonelayer_df
N,N_RhizEffect,zonelayer_df
N,N_RhizTShare,zonelayertree_df
N,N_Soil,zonelayernut_df
N,N_SomMinExch,zonelayernut_df
N,N_Stock,zonelayernut_df
N15,N15_Stock,zonelayer_df
N,N_StockZoneLayer,zonelayer_df
N15,N15_T,tree_df
N15,N15_T,tree_df
N15,N15_T,tree_df
N15,N15_T,tree_df
N15,N15_T,tree_df
N15,N15_T,tree_df
N15,N15_T,tree_df
N15,N15_T,tree_df
N15,N15_T,tree_df
N15,N15_T,tree_df
N15,N15_T,tree_df
N15,N15_T,tree_df
N15,N15_T,tree_df
N15,N15_T,tree_df
N15,N15_T,tree_df
N,N_TNUptDem,zonelayer_df
N,N_TNUptPot,zonelayertree_df
N,N_TNUptPotAct,zonelayertree_df
N,N_TotFF,nut_df
N,N_TotFFi,zonelayernut_df
N,N_TotFFL,layernut_df
N,N_TotFFTot,nut_df
N,N_TotFFZn,nut_df
N,N_TotUpt,nut_df
N,N_TotUptLoss,nut_df
N,N_TotUptH,nut_df
N,N_TotUpti,zonelayernut_df
N,N_TPUptDem,zonelayer_df
N,N_TPUptPot,zonelayertree_df
N,N_TPUptPotAct,zonelayertree_df
N,N_TRhizKaPM,zonelayertree_df
N,N_TRhizKaPMod,tree_df
N,N_TTNUptPot,zonelayertree_df
N,N_TTPUptPot,zonelayertree_df
N,N_TUpt,zonelayernut_df
N,N_TUpt,zonelayertreenut_df
N15,N15_TUpt,zonelayertree_df
N15,N15_TUptTot,tree_df
N,N_UptCCum,zonelayernut_df
N,N_UptEdgeH,nut_df
N,N_UptEdgeV,nut_df
N,N_UptPot,zonelayernut_df
N,N_UptTCum,zonelayertreenut_df
N,N_VLeach,zonelayernut_df
N15,N15_WeedSeedFall,zone_df
P,P_BurnLab,
P,P_CCostExtOrg,price_df
P,P_CCostFert,price_df
P,P_CCostInp,price_df
P,P_CCostLab,price_df
P,P_CCostPestWeedCont,price_df
P,P_CCosts,price_df
P,P_CCostsAvg,price_df
P,P_CCostSeed,price_df
P,P_CCostSeedZn,zoneprice_df
P,P_CCostsInc,price_df
P,P_CCostsTot,price_df
P,P_CFertLab,zone_df
P,P_CFertLabour,
P,P_CFertLabourZn,zone_df
P,P_CHarvLab,zone_df
P,P_CHarvLabour,
P,P_CHarvLabourperType,crop_df
P,P_CostsBenefits,price_df
P,P_CPestConLab,zone_df
P,P_CPestConLabour,
P,P_CPestConLabZn,zone_df
P,P_CPestContPrice,price_df
P,P_CPlantLab,zone_df
P,P_CPlantLabour,
P,P_CPlantLabourZn,zone_df
P,P_CReturn,price_df
P,P_CReturnAvg,price_df
P,P_CReturnInc,price_df
P,P_CReturnperType,cropprice_df
P,P_CReturnTot,price_df
P,P_CropHarvest,
P,P_CropHarvMarker,
P,P_CumLabUse,
P,P_CurrCropBenefitFlow,
P,P_CurrentCropCB,
P,P_CWeedLab,zone_df
P,P_CWeedLabour,
P,P_CWeedLabZn,zone_df
P,P_CYieldPrice,zoneprice_df
P,P_DayAfterCropharv,
P,P_DayLabUse,
P,P_DiscountRate,
P,P_ExtOrg,inpprice_df
P,P_FenceMatCost,price_df
P,P_FlagCSet,
P,P_FlagPrevCropOK_is,
P,P_GenCosts,price_df
P,P_GenCostsInc,price_df
P,P_GeneralCosts,price_df
P,P_NPV,price_df
P,P_PrevCropOK_is,
P,P_PriceCSeed,zoneprice_df
P,P_PriceFert,nutprice_df
P,P_ProfitRecCrop,
P,P_StockZoneLayer,zonelayer_df
P,P_TCost,price_df
P,P_TCostInp,price_df
P,P_TCostLab,price_df
P,P_TCostsInc,price_df
P,P_TCostsTot,price_df
P,P_TFertLab,tree_df
P,P_TFertLabour,
P,P_TFertLabourperTree,tree_df
P,P_TFreshFruitLabourTree,tree_df
P,P_TFreshLatex,tree_df
P,P_TFruitHarvLab,tree_df
P,P_TFruitHarvLabour,
P,P_TFruitPrice,treeprice_df
P,P_TLatexHarvLab,tree_df
P,P_TLatexHarvLabour,
P,P_TLatexHarvLabourTree,tree_df
P,P_TLatexPrice,treeprice_df
P,P_TPlantLab,tree_df
P,P_TPlantLabour,
P,P_TPlantLabourTree,tree_df
P,P_TPrunLab,tree_df
P,P_TPrunLabour,
P,P_TPrunLabourTree,tree_df
P,P_TPrunNo,treepcomp_df
P,P_TPrunNoInc,treepcomp_df
P,P_TPrunPrice,treeprice_df
P,P_TReturn,price_df
P,P_TReturnFruit,price_df
P,P_TReturnInc,price_df
P,P_TReturnLatex,price_df
P,P_TReturnPrun,price_df
P,P_TReturnTot,price_df
P,P_TReturnWood,price_df
P,P_TSeedPrice,treeprice_df
P,P_TSeedPriceInp,treeprice_df
P,P_TWoodHarvLab,tree_df
P,P_TWoodHarvLabour,
P,P_TWoodHarvLabourTree,tree_df
P,P_TWoodPrice,treeprice_df
P,P_UnitLabCost,price_df
P,P_WeedPestTime,zone_df
PD,PD_CFrugConst,zone_df
PD,PD_CFrugImp,zoneanimal_df
PD,PD_CFrugiVFrac,zone_df
PD,PD_ChangeAnPop,animal_df
PD,PD_CHerbConst,zone_df
PD,PD_CHerbImp,zoneanimal_df
PD,PD_CHerbVFrac,zone_df
PD,PD_CRhizConst,zone_df
PD,PD_CRhizImp,zoneanimal_df
PD,PD_CRhizoVFrac,zone_df
PD,PD_CropsEaten_is,zoneanimal_df
PD,PD_FenceBuildDoY,
PD,PD_FenceBuildEvent,
PD,PD_FenceBuilding,
PD,PD_FenceBuildLab,
PD,PD_FenceBuildLabSeq,
PD,PD_FenceBuildY,
PD,PD_FenceDecay,
PD,PD_FenceMatUsed,price_df
PD,PD_FencePast,
PD,PD_FenceQ,
PD,PD_FenceTime,
PD,PD_NastiesinPlot,animal_df
PD,PD_TEatenBy_is,treeanimal_df
PD,PD_TFrugImp,treeanimal_df
PD,PD_TFrugVFrac,tree_df
PD,PD_THerbImp,treeanimal_df
PD,PD_THerbVFrac,tree_df
PD,PD_TLigVFrac,tree_df
PD,PD_TRhizImp,treeanimal_df
PD,PD_TRhizVFrac,tree_df
PD,PDTLigImp,treeanimal_df
RAIN,Rain,
RAIN,RAIN_AnaerInd,zone_df
RAIN,RAIN_AnaerIndCh,zone_df
RAIN,RAIN_CanopyWater,zone_df
RAIN,RAIN_Cum,
RAIN,RAIN_CumWet,
RAIN,RAIN_Data,
RAIN,RAIN_DayProp,
RAIN,RAIN_DaysIn,
RAIN,RAIN_DoY,
RAIN,RAIN_Duration,
RAIN,RAIN_EventRunoff,zone_df
RAIN,RAIN_FracDayWet,zone_df
RAIN,RAIN_fRandom,
RAIN,RAIN_fTable,
RAIN,RAIN_In,zone_df
RAIN,RAIN_Inf,layer_df
RAIN,RAIN_InfConstr,zone_df
RAIN,RAIN_InfilAct,
RAIN,RAIN_Infiltr,zone_df
RAIN,RAIN_IntercDelay,zone_df
RAIN,RAIN_InterceptEvap,zone_df
RAIN,RAIN_InterceptEvapAvg,
RAIN,RAIN_Interception,zone_df
RAIN,RAIN_InterceptionAvg,
RAIN,RAIN_IntercEvapCum,
RAIN,RAIN_MeanDailyon,
RAIN,RAIN_MonthTot,
RAIN,RAIN_Numberof,
RAIN,RAIN_Pattern,
RAIN,RAIN_Pattern,
RAIN,RAIN_PatternMonthlyMean,
RAIN,RAIN_ProbabilityofDry,
RAIN,RAIN_Random,
RAIN,RAIN_RelWet,
RAIN,RAIN_RunOff,
RAIN,RAIN_RunOff,layer_df
RAIN,RAIN_RunOffZn,zone_df
RAIN,RAIN_RunOn,
RAIN,RAIN_SurfPondDelay,zone_df
RAIN,RAIN_TimeAvForInf,zone_df
RAIN,RAIN_Today_is,
RAIN,RAIN_TotCovFrac,zone_df
RAIN,RAIN_Type,
RAIN,RAIN_WatStorCap,zone_df
RAIN,RAIN_WatStorTTot,zone_df
RAIN,RAIN_WeightAct,zone_df
RAIN,RAIN_WeightTot,
RAIN,RAIN_Wet,
RAIN,RAIN_Yesterday_is,
RAIN,RAIN_YesterdayF,
RT3,RT3_AllocDown,zonelayertree_df
RT3,RT3_AllocUpw,zonelayertree_df
RT3,RT3_AllocWithin,zonelayertree_df
RT3,RT3_AvgNutUptperRoot,treenut_df
RT3,RT3_AvgWUptperRoot,tree_df
RT3,RT3_Beta,zonelayertree_df
RT,RT_C,zonelayer_df
RT,RT_C,zonelayer_df
RT,RT_CAmount,zonelayer_df
RT,RT_CDecDepth,zone_df
RT,RT_CDecDepthAct,zone_df
RT,RT_CDecDepthC,zone_df
RT,RT_CDecDepthD,zone_df
RT,RT_CDecDepthInc,zone_df
RT,RT_CDistResp,zone_df
RT,RT_CHalfLifeCurr,zone_df
RT3,RT3_Check,tree_df
RT,RT_CLraC,zone_df
RT,RT_CLraCurr,zone_df
RT,RT_CLraDyn,zone_df
RT,RT_CLrv,zonelayer_df
RT,RT_CLrvExp,zonelayer_df
RT,RT_CLrvM,zonelayer_df
RT,RT_CLrvMCurr,zonelayer_df
RT,RT_CLrvMinM,zonelayer_df
RT,RT_CLrvt,zone_df
RT3,RT3_CoarseRt,tree_df
RT,RT_CParasitFrac,zone_df
RT3,RT3_CR,tree_df
RT3,RT3_CRdecay,tree_df
RT,RT_CRelChange,zone_df
RT3,RT3_CRfraction,tree_df
RT3,RT3_CRincr,tree_df
RT,RT_CRtAllocRespCurr,zone_df
RT3,RT3_CRTarget,tree_df
RT,RT_CSRLCurr,zone_df
RT,RT_CUptRel,zone_df
RT3,RT3_CurrentStress,tree_df
RT3,RT3_DecFrac,zonelayertree_df
RT,RT_Depth,zonelayer_df
RT,RT_Depth,
RT3,RT3_DepthWidthRatio,zonelayer_df
RT3,RT3_DepthZone,zonelayer_df
RT,RT_Diam,zonelayer_df
RT,RT_Diam,zonelayer_df
RT,RT_Diam,zonelayer_df
RT,RT_Diam,zonelayer_df
RT3,RT3_FineRootInc,tree_df
RT3,RT3_FRAlloc,zonelayertree_df
RT3,RT3_FRBiomass,tree_df
RT,RT_GMS,zonelayer_df
RT,RT_GMW,zonelayer_df
RT,RT_GS,zonelayer_df
RT,RT_GW,zonelayer_df
RT3,RT3_LamHor,zonelayertree_df
RT,RT_LFRLength,zonelayertree_df
RT3,RT3_LFRtGr,zonelayertree_df
RT3,RT3_LFRtMort,zonelayertree_df
RT3,RT3_LN,zonelayertree_df
RT3,RT3_LP,zonelayertree_df
RT3,RT3_LRelUptperLrv,zonelayertree_df
RT3,RT3_LRtExp_is,zonelayertree_df
RT3,RT3_LRV,zonelayertree_df
RT3,RT3_LrvDepth,zonelayertree_df
RT,RT_LrvMS,zonelayer_df
RT,RT_LrvMW,zonelayer_df
RT,RT_LrvS,zonelayer_df
RT,RT_LrvW,zonelayer_df
RT3,RT3_LW,zonelayertree_df
RT3,RT3_RelUptTot,tree_df
RT3,RT3_RelUptWL,zonelayertree_df
RT,RT_Rho,zonelayer_df
RT,RT_Rho,zonelayer_df
RT,RT_Rho,zonelayer_df
RT,RT_Rho,zonelayer_df
RT,RT_RhoCL,zonelayer_df
RT,RT_RhoTL,zonelayertree_df
RT,RT_RhoTot,zonelayer_df
RT3,RT3_RtAllocTot,tree_df
RT,RT_StopGap,
RT3,RT3_SumTransp,zonelayertree_df
RT,RT_T,zonelayertree_df
RT,RT_T,tree_df
RT,RT_T,zonelayertree_df
RT,RT_TAlloc,tree_df
RT,RT_TAllocResp,tree_df
RT,RT_TAmount,zonelayertree_df
RT,RT_TAmountH,zonetree_df
RT,RT_TAmountHTree,tree_df
RT,RT_TAmountPerTree,tree_df
RT,RT_TAmountV,layertree_df
RT,RT_TC,zonelayer_df
RT,RT_TCDiam,zonelayer_df
RT,RT_TDecDepthAct,tree_df
RT,RT_TDecDepthActInitPlantTree,tree_df
RT,RT_TDecDepthC,tree_df
RT,RT_TDecDepthD,tree_df
RT,RT_TDecDepthInc,tree_df
RT,RT_TDiam,tree_df
RT,RT_TDistResp,tree_df
RT,RT_TDistShapeAct,tree_df
RT,RT_TDistShapeActInitPlantTime,tree_df
RT,RT_TDistShapeC,tree_df
RT,RT_TDistShapeD,tree_df
RT,RT_TDistShapeInc,tree_df
RT,RT_TField,tree_df
RT,RT_TLra,zonetree_df
RT,RT_TLraCD,tree_df
RT,RT_TLraX,tree_df
RT,RT_TlraXCurr,tree_df
RT,RT_TLraXD,tree_df
RT,RT_TLrv,zonelayertree_df
RT,RT_TLrvEff,zonelayertree_df
RT,RT_TLrvEllip,zonelayertree_df
RT,RT_TLrvEllipAct,zonelayertree_df
RT,RT_TLrvL,zonelayertree_df
RT,RT_TLrvM,zonelayertree_df
RT,RT_TLrvMinM,zonelayertree_df
RT,RT_TParasitFrac,zonetree_df
RT,RT_TPresence,tree_df
RT,RT_TProxGini,tree_df
RT,RT_TRelChangeH,tree_df
RT,RT_TRelChangeV,tree_df
RT,RT_TRhizVol,zonelayertree_df
RT,RT_TSpecrolT,zonelayertree_df
RT,RT_TSRL,tree_df
RT,RT_TTotLength,tree_df
RT,RT_TUptRelH,tree_df
RT,RT_TUptRelV,tree_df
RT3,RT3_Voxel,zonetree_df
RT3,RT3_VoxHorExp,zonelayertree_df
RT3,RT3_VoxTreeDist,zonelayertree_df
RT3,RT3_VoxVol,zonelayer_df
RT,RT_ZoneLeft,zone_df
RT,RT_ZoneRight,zone_df
SB,SB_AerosolFrac,zone_df
SB,SB_AerosolProd,zone_df
SB,SB_Ash,zone_df
SB,SB_BurntWood,zonepcomp_df
SB,SB_DeadWood,zonepcomp_df
SB,SB_DeadWoodBurnFrac,zone_df
SB,SB_DeadWoodIncr,zonepcomp_df
SB,SB_DeadWoodLitTransfer,zonepcomp_df
SB,SB_DWlossfromBurn,zone_df
SB,SB_FCch,zone_df
SB,SB_FineNecromass,zonepcomp_df
SB,SB_Fire_is,
SB,SB_FireImpWatRet,zone_df
SB,SB_FireTempIncSurf,zone_df
SB,SB_FireTempIncTopSoil,zone_df
SB,SB_FireTime_is,
SB,SB_FirEvapSW,zone_df
SB,SB_FirImpPsorption,zone_df
SB,SB_FirIndPmobiliz,zone_df
SB,SB_FirMortSeedBank,zone_df
SB,SB_FirTreeMort_is,tree_df
SB,SB_HazeFromSlash,zonepcomp_df
SB,SB_HazeFromWood,zonepcomp_df
SB,SB_IsSlashDry_is,zone_df
SB,SB_MinNutRel,zonepcomp_df
SB,SB_MinNutRele,zonepcomp_df
SB,SB_NecroBurnFrac,zone_df
SB,SB_NecroFNutVolat,zonepcomp_df
SB,SB_NecromasNP,zonenut_df
SB,SB_NecromassBurn,zonepcomp_df
SB,SB_NecromLitTransf,zonepcomp_df
SB,SB_NutVolatFrac,zonepcomp_df
SB,SB_Nutvolatilized,zonepcomp_df
SB,SB_NVolatFrac,zone_df
SB,SB_PastSlashEvents,tree_df
SB,SB_pH,zone_df
SB,SB_pHmodPsorp,zone_df
SB,SB_PileSum,
SB,SB_PileUpT_is,
SB,SB_PSorpCh,zone_df
SB,SB_PsorpModifier,zone_df
SB,SB_PVolatFrac,zone_df
SB,SB_RelPileUp,zone_df
SB,SB_RelPSorption,zone_df
SB,SB_ScorchedWoodRem,zonepcomp_df
SB,SB_ScorchWoodRemoved,zonepcomp_df
SB,SB_ScorchWoodRemTime_is,
SB,SB_SecondFire_is,
SB,SB_SlashDOY,tree_df
SB,SB_SlashMoist,zone_df
SB,SB_SlashSequence,tree_df
SB,SB_SlashTime,tree_df
SB,SB_SlashVegetation,zonepcomp_df
SB,SB_SlashYear,tree_df
SB,SB_SOMBurnFrac,zone_df
SB,SB_SPileUp,zonepcomp_df
SB,SB_SurfLitBurnFrac,zone_df
SB,SB_Topsoil,zone_df
SB,SB_TTempTol,tree_df
SB,SB_WatRetentionMod,zone_df
SB,SB_WoodFNutMin,zonepcomp_df
SB,SB_WoodFNutVolat,zonepcomp_df
SB,SB_WoodMoist,zone_df
SB,SB_WPileUp,zonepcomp_df
S,S_BDActOverBDRefInfiltr,zone_df
S,S_BDActOverBDRefKsatV,zonelayer_df
S,S_BDModifierInfiltr,zone_df
S,S_BDModifierKsatV,zonelayer_df
S,S_C,zonelayer_df
S,S_KsatDefV,zonelayer_df
S,S_KsatInitV,zonelayer_df
S,S_KsatVAct,zonelayer_df
S,S_LFoodForWorms,zone_df
S,S_RelBD,zonelayer_df
S,S_SOMFoodForWorms,zonelayer_df
S,S_SurfInfiltrAct,zone_df
S,S_T,zonelayer_df
S,S_TC,zonelayer_df
S,S_WormAct,zonelayer_df
S,S_WormActSurf,zone_df
T,T_ApplyFBA_is,tree_df
T,T_ApplyPalm_is,tree_df
T,T_AreaperTree,tree_df
T,T_BarkThickness,
T,T_Biom,treepcomp_df
T,T_BiomAG,treepcomp_df
T,T_BiomassSlashed,pcomp_df
T,T_BiomCumTot,tree_df
T,T_CanBiomInc,treepcomp_df
T,T_CanBiomIni,treepcomp_df
T,T_CanBiomSlashed,treepcomp_df
T,T_CanBiomTimHarv,treepcomp_df
T,T_CanBionTimCum,treepcomp_df
T,T_CanH,tree_df
T,T_CanHMax,tree_df
T,T_CanInit,treepcomp_df
T,T_CanLow,tree_df
T,T_CanShape,tree_df
T,T_CanTargConc,treepcomp_df
T,T_CanUp,tree_df
T,T_CanUpZn,zonetree_df
T,T_CanWidth,tree_df
T,T_CanWidthD,tree_df
T,T_CanWidthMax,tree_df
T,T_CanWidthMaxRel,tree_df
T,T_CanWidthRel,tree_df
T,T_CBSlashCum,treepcomp_df
T,T_ChExpRettoLabour,tree_df
T,T_Compl,tree_df
T,T_CropinField_is,
T,T_CropinZone_is,zone_df
T,T_CumLatexYieldkgper,tree_df
T,T_CumLatexYieldkgperha,tree_df
T,T_CumLatexYieldkgperm,tree_df
T,T_CumLim,treelimit_df
T,T_CumLitTarget,tree_df
T,T_CumRtTypeDecay,treepcomp_df
T,T_CumWatStress,tree_df
T,T_CurLimFac,treelimit_df
T,T_DayofYear,
T,T_DelWatStress,tree_df
T,T_DiamBiom,tree_df
T,T_DiamBranch,tree_df
T,T_DiamCumLit,tree_df
T,T_DiamHeartWoodTDies,tree_df
T,T_DiamLfTwig,tree_df
T,T_DiamRtLeng,tree_df
T,T_DiamRtWght,tree_df
T,T_DiamSapWoodTreeDies,tree_df
T,T_DiamSlopeBiom,tree_df
T,T_DiamSlopeBranch,tree_df
T,T_DiamSlopeCumLit,tree_df
T,T_DiamSlopeLfTwig,tree_df
T,T_DiamSlopeRtLeng,tree_df
T,T_DiamSlopeRtWght,tree_df
T,T_DiesToday_is,tree_df
T,T_DOY,
T,T_DOYFlwBeg,tree_df
T,T_DOYFlwEnd,tree_df
T,T_DynTappingFrac,
T,T_ExpRetToLab,tree_df
T,T_FBALitFal,tree_df
T,T_FracLim,treelimit_df
T,T_FreshFruitHarv,tree_df
T,T_FreshPrun,tree_df
T,T_FreshPrunHarvInc,tree_df
T,T_FreshWoodHarv,tree_df
T,T_Frug,treepcomp_df
T,T_Fruit,treepcomp_df
T,T_FruitAllocDyn,
T,T_FruitAllocStage,tree_df
T,T_FruitConc,treepcomp_df
T,T_FruitCum,treepcomp_df
T,T_FruitHarvFracHeight,tree_df
T,T_FruitHarvInc,treepcomp_df
T,T_FruitInc,treepcomp_df
T,T_FruitSlashed,treepcomp_df
T,T_GenLitStage,tree_df
T,T_GirthMax,tree_df
T,T_GirthMinforTappingcm,
T,T_GraphLeafFall,tree_df
T,T_GroInit,treepcomp_df
T,T_GroMax,tree_df
T,T_GroRes,treepcomp_df
T,T_GroResConc,treepcomp_df
T,T_GroResConcAct,treenut_df
T,T_GroResFrac,tree_df
T,T_GroResInc,treepcomp_df
T,T_GroResLoss,treepcomp_df
T,T_GroResLossCum,treepcomp_df
T,T_GroResStorInc,treepcomp_df
T,T_GrowDayAc,tree_df
T,T_GrowDays,tree_df
T,T_GrowsToday_is,tree_df
T,T_GrowStor,treepcomp_df
T,T_GrowthAlloc,tree_df
T,T_HeartWood,treepcomp_df
T,T_HeartWoodDiam,tree_df
T,T_HeartWoodDiamInc,tree_df
T,T_HeartWoodInc,treepcomp_df
T,T_Height,tree_df
T,T_Herbivory,treepcomp_df
T,T_HydEqFluxes,tree_df
T,T_InitiatePanel,tree_df
T,T_InitStage,tree_df
T,T_KillTime,tree_df
T,T_klight,tree_df
T,T_LAI,tree_df
T,T_LAICan,tree_df
T,T_LAIcropzoneTot,
T,T_LAIEff,zonetree_df
T,T_LAIMax,tree_df
T,T_LAIMin,tree_df
T,T_LAIMinMaxRatio,tree_df
T,T_LAINecrCh,zone_df
T,T_LatexFormAlloc,treepcomp_df
T,T_LatexFormation,treepcomp_df
T,T_LatexHarvestIndex,treepcomp_df
T,T_LatexkgperhaperDayofWork,tree_df
T,T_LatexPotProd,
T,T_LatexStock,treepcomp_df
T,T_LeafAgeTurnover,tree_df
T,T_LeafFlush_is,tree_df
T,T_LeavesPotFormed_is,tree_df
T,T_LeavesPotPresent_is,tree_df
T,T_LfConc,treepcomp_df
T,T_LfTwig,treepcomp_df
T,T_LfTwigConcAct,treenut_df
T,T_LfTwMulch,zonetree_df
T,T_LifallConcAct,treenut_df
T,T_LifallCum,treepcomp_df
T,T_LifallDroughtFrac,tree_df
T,T_LifallInc,treepcomp_df
T,T_LifallIncZnTree,zonetree_df
T,T_LifallRed,treepcomp_df
T,T_LifallRedFac,treepcomp_df
T,T_LiFallThreshWStress,tree_df
T,T_LifallTreeDies,treepcomp_df
T,T_LifallWeightTot,zonetree_df
T,T_LifallWtAct,zonetree_df
T,T_Light,tree_df
T,T_LightPosGrow,tree_df
T,T_LignLifall,tree_df
T,T_Lignovory,treepcomp_df
T,T_LignPrun,tree_df
T,T_LignRt,tree_df
T,T_LitFalFracDrought,tree_df
T,T_LitFalFracShade,tree_df
T,T_LvsFormed_is,tree_df
T,T_LWR,tree_df
T,T_MaintResp,treepcomp_df
T,T_ModifiedDynTappingFrac,
T,T_MRespCan,tree_df
T,T_MRespLatex,tree_df
T,T_MRespWood,tree_df
T,T_MycMaxInf,tree_df
T,T_NBiom,treenut_df
T,T_NDeficit,treenut_df
T,T_NDemand,treenut_df
T,T_NDemandAll,nut_df
T,T_NFix,treenut_df
T,T_NFixDayFrac,tree_df
T,T_NFixDWMaxFrac,tree_df
T,T_NFixDWUnitCost,tree_df
T,T_NFixResp,tree_df
T,T_NFixVariable_is,tree_df
T,T_NLifallInc,treenut_df
T,T_NNDemandZn,zonetree_df
T,T_NNUptDeno,tree_df
T,T_NNUptDenoZn,zonetree_df
T,T_NNUptPot,tree_df
T,T_NNUptPotZn,zonetree_df
T,T_NPDemandZn,zonetree_df
T,T_NPosgro,treenut_df
T,T_NPrunMulch,treenut_df
T,T_NPUptDeno,tree_df
T,T_NPUptDenoZn,zonetree_df
T,T_NPUptPot,tree_df
T,T_NTarget,treenut_df
T,T_NTargetCan,treenut_df
T,T_NTargetNbiomRatio,treenut_df
T,T_NTargetNonCan,treenut_df
T,T_NTUptZn,zonetreenut_df
T,T_NUpt,layertreenut_df
T,T_NUptPotAll,nut_df
T,T_NUptRelH,treenut_df
T,T_NUptRelV,layertreenut_df
T,T_NUptTot,treenut_df
T,T_NUptTotAll,nut_df
T,T_NUptTree,treenut_df
T,T_NutMob,treenut_df
T,T_PanelAlreadyInitiated_is,tree_df
T,T_PanelAvailable,tree_df
T,T_PanelQuality,tree_df
T,T_PlantDoY,tree_df
T,T_PlantTime,tree_df
T,T_PlantY,tree_df
T,T_PolypLifall,tree_df
T,T_PolypPrun,tree_df
T,T_PolypRt,tree_df
T,T_PotResUseGrowth,tree_df
T,T_PotResUseLatexForm,treepcomp_df
T,T_PotSeasLiFall,tree_df
T,T_PotSeasLiFallFrac,tree_df
T,T_ProxRootSumDiamSq,tree_df
T,T_Prun,treepcomp_df
T,T_PrunCum,treepcomp_df
T,T_PrunCumTreeDies,treepcomp_df
T,T_PrunDay,
T,T_PrunDoY,
T,T_PrunEvent,
T,T_PrunFrac,tree_df
T,T_PrunFracD,tree_df
T,T_PrunFruit,treepcomp_df
T,T_PrunHarvCum,treepcomp_df
T,T_PrunHarvFracD,tree_df
T,T_PrunHarvInc,treepcomp_df
T,T_PrunLapse,tree_df
T,T_PrunLapseInc,tree_df
T,T_PrunMulch,treepcomp_df
T,T_PrunPast,
T,T_PrunPlant_is,
T,T_PrunType_is,
T,T_PrunWeighTot,tree_df
T,T_PrunWtAct,zonetree_df
T,T_PrunY,
T,T_PrunZnTree,zonetree_df
T,T_RainWStorCap,tree_df
T,T_RelCanWidthZn,zonetree_df
T,T_RelFruitAllocMax,tree_df
T,T_RelLightMaxGr,tree_df
T,T_RelPosinZone,tree_df
T,T_ReserveFrac,tree_df
T,T_RespCum,treepcomp_df
T,T_RespforFixF,
T,T_Respiration,treepcomp_df
T,T_RestDaysperTappingday,
T,T_RipeFruitHarvest,treepcomp_df
T,T_Root,zonelayertree_df
T,T_Root,tree_df
T,T_Root,zonetree_df
T,T_Root,zonelayertree_df
T,T_Root,tree_df
T,T_Root,zonelayer_df
T,T_Root,zonelayertree_df
T,T_Root,zonelayertree_df
T,T_Root,zonelayertree_df
T,T_Root,zonelayertree_df
T,T_Root,zonelayertree_df
T,T_Root,zonelayertree_df
T,T_RootConductivity,tree_df
T,T_RootDecAcc,pcomp_df
T,T_RootDecay,treepcomp_df
T,T_RootDecCum,pcomp_df
T,T_RootInc,treepcomp_df
T,T_RootInit,treepcomp_df
T,T_RootInp,zonelayer_df
T,T_RootNdecay,tree_df
T,T_RootNtot,tree_df
T,T_RootPlCompTot,treepcomp_df
T,T_RootPtot,tree_df
T,T_RootTDW,zonelayertree_df
T,T_RootTN,zonelayertree_df
T,T_RootTP,zonelayertree_df
T,T_RtAllocAct,tree_df
T,T_RtConc,treepcomp_df
T,T_RtDec,zonelayer_df
T,T_RtDec,zonelayer_df
T,T_RtDec,zonelayer_df
T,T_RtDec,zonelayer_df
T,T_RtDecDWAll,pcomp_df
T,T_RtTypeBiomass,treepcomp_df
T,T_RtTypeCumInput,treepcomp_df
T,T_RtTypeInput,treepcomp_df
T,T_Rubber_is,tree_df
T,T_SapWood,treepcomp_df
T,T_SapWoodDiam,tree_df
T,T_SapWoodEqDiam,tree_df
T,T_SecTimePanelAvailable,tree_df
T,T_SecTPanelDec,tree_df
T,T_SecTPanelInc,tree_df
T,T_Sequen,tree_df
T,T_SetPanelInitiateFlag,tree_df
T,T_SLA,tree_df
T,T_SlashLabour,
T,T_Stage,treestage_df
T,T_StageAftPrun,tree_df
T,T_StageInc,treestage_df
T,T_StemBefPruning,tree_df
T,T_StemBefPruningInc,tree_df
T,T_StemDAllom,tree_df
T,T_StemDiam,tree_df
T,T_StemDiamGrowth,tree_df
T,T_StRt,tree_df
T,T_TapDaysCum,tree_df
T,T_TapDaysInc,tree_df
T,T_TappedLatex,treepcomp_df
T,T_Tapping,treepcomp_df
T,T_Tapping_is,tree_df
T,T_TappingDay_is,tree_df
T,T_TapThisTree_is,tree_df
T,T_TargetCan,treepcomp_df
T,T_TargetLatexStock,treepcomp_df
T,T_TargetLeafTwig,tree_df
T,T_TargetNonCan,treepcomp_df
T,T_TargHeartWood,treepcomp_df
T,T_Temp,
T,T_TempRespMaint,
T,T_TimeGenCycle,tree_df
T,T_TimeVeg,tree_df
T,T_TodayRettoLab,tree_df
T,T_TotTappingDays,tree_df
T,T_TranspRatio,tree_df
T,T_TranspRatioTime,tree_df
T,T_TreeinZone_is,zonetree_df
T,T_TreesperHa,tree_df
T,T_TreeToTheLeft_is,zonetree_df
T,T_TreeToTheRight_is,zonetree_df
T,T_TRelRtIncrTyp,zonelayertree_df
T,T_TwigConc,treepcomp_df
T,T_WoodConc,treepcomp_df
T,T_WoodConcAct,treenut_df
T,T_WoodDens,tree_df
T,T_WoodH,tree_df
T,T_WoodHarvCum,treepcomp_df
T,T_WoodHarvDay,tree_df
T,T_WoodHarvDoY,tree_df
T,T_WoodHarvest,treepcomp_df
T,T_WoodHarvEvent,tree_df
T,T_WoodHarvPast,tree_df
T,T_WoodHarvY,tree_df
T,T_WoodHCurr,tree_df
T,T_WoodHInc,tree_df
T,T_WoodInc,treepcomp_df
T,T_WoodIni,treepcomp_df
T,T_WoodInit,treepcomp_df
T,T_WoodSlashed,treepcomp_df
T,T_WoodTarget,tree_df
TEMP,Temp,zonelayer_df
TEMP,TEMP_AirDailyData,
TEMP,TEMP_DailyPotEvap,
TEMP,TEMP_MonthAvg,
TEMP,TEMP_SoilDailyData,
TF,TF_AbRelSizePow,tree_df
TF,TF_AgeofPalm,tree_df
TF,TF_BunchGender,treefruit_df
TF,TF_BunchHarvestDW,tree_df
TF,TF_BunchNo,tree_df
TF,TF_BunchNo_is,tree_df
TF,TF_BunchWeight,treefruit_df
TF,TF_BunchWeightHarvest,treefruit_df
TF,TF_BunchWeightIncrAct,treefruit_df
TF,TF_BunchweightIncrTarget,treefruit_df
TF,TF_CritFruitWaterPot,tree_df
TF,TF_CrownRadius,tree_df
TF,TF_CumBunchNo,tree_df
TF,TF_CumBunchWeightHarvest,tree_df
TF,TF_CumDWHarvest,tree_df
TF,TF_CumFruitsHarvNo,tree_df
TF,TF_CumFWHarvest,tree_df
TF,TF_CumOilHarvest,tree_df
TF,TF_CumOilProd,tree_df
TF,TF_CurrentLeafNo,tree_df
TF,TF_DelayedFrond,tree_df
TF,TF_DevBunches,tree_df
TF,TF_DMStressChange,tree_df
TF,TF_DW,tree_df
TF,TF_DWCostUOil,tree_df
TF,TF_DWSufficiency,tree_df
TF,TF_FemBunchFrac,tree_df
TF,TF_FemSinkperFruit,treefruit_df
TF,TF_FirstBudtoFlowerInit,tree_df
TF,TF_ForgetStress,tree_df
TF,TF_FrondGrowth,tree_df
TF,TF_FrondHistFrac,tree_df
TF,TF_FrondLDpetInterc,tree_df
TF,TF_FrondLDpetPower,tree_df
TF,TF_FrondLengthStressFac,tree_df
TF,TF_FrondWDpetInterc,tree_df
TF,TF_FrondWDpetPower,tree_df
TF,TF_FruitAbDWLoss,treefruit_df
TF,TF_FruitCheck,
TF,TF_FruitDemand,treepcomp_df
TF,TF_FruitHarvFrac,tree_df
TF,TF_FruitHarvNoperBunch,treefruit_df
TF,TF_FruitLitterfall,treefruit_df
TF,TF_FruitLitterFalloAm,treefruit_df
TF,TF_FruitNoPassOn,treefruit_df
TF,TF_FruitNumbLoss,treefruit_df
TF,TF_FruitsperBunch,treefruit_df
TF,TF_FruitWaterPot,tree_df
TF,TF_Full,tree_df
TF,TF_GenderPassOn,treefruit_df
TF,TF_Herbivory,tree_df
TF,TF_InitFruitspBunch,tree_df
TF,TF_LeafClockTicks_is,tree_df
TF,TF_LeafCumInit,tree_df
TF,TF_LeaffallClockTicks_is,tree_df
TF,TF_LeaffallCumNo,tree_df
TF,TF_LeaffallTime,tree_df
TF,TF_LeafTime,tree_df
TF,TF_LeafTurnOver,tree_df
TF,TF_LeavesTargetCum,tree_df
TF,TF_LeavesTargetF,tree_df
TF,TF_LiFall,tree_df
TF,TF_MaleDWloss,treefruit_df
TF,TF_MaleSinkperBunch,treefruit_df
TF,TF_MaleThresh,tree_df
TF,TF_MThreshtoWatStress,tree_df
TF,TF_NewLeaf_is,tree_df
TF,TF_NewLeaffall_is,tree_df
TF,TF_NextGender,tree_df
TF,TF_OilHarvest,tree_df
TF,TF_OilinFruits,treefruit_df
TF,TF_OilProd,tree_df
TF,TF_OldFrondBiom,tree_df
TF,TF_OldFrondChange,tree_df
TF,TF_OldFrontBiomass,tree_df
TF,TF_PalmTrunkHeight,tree_df
TF,TF_PalmTrunkIntercept,tree_df
TF,TF_PalmTrunkInternode,tree_df
TF,TF_PalmTtBiomToLvs,tree_df
TF,TF_PhyllochronStressed,tree_df
TF,TF_PhyllochronStressFac,tree_df
TF,TF_PhyllochronTime,tree_df
TF,TF_PollinationEffectiveness,
TF,TF_PotentialFrondLength,tree_df
TF,TF_PotentialStemD,tree_df
TF,TF_PotLeaffall,tree_df
TF,TF_PotPhyllochronTime,tree_df
TF,TF_RadiometricFraction,tree_df
TF,TF_RecentFrondLength,tree_df
TF,TF_RecentTWPosgro,tree_df
TF,TF_RelAgeNewLf,tree_df
TF,TF_RelStemAlloc,tree_df
TF,TF_RespforOilProd,tree_df
TF,TF_SexDetermination,tree_df
TF,TF_StageAbortSens,treefruit_df
TF,TF_StemDHistFrac,tree_df
TF,TF_StemDStressFactor,tree_df
TF,TF_StressedFrondLength,tree_df
TF,TF_StressRec,tree_df
TF,TF_TargetLeafAlloc,tree_df
TF,TF_TargetNewFrondBiom,tree_df
TF,TF_TargetOilCurr,treefruit_df
TF,TF_TargetOilperBunch,treefruit_df
TF,TF_TargetOilPrev,treefruit_df
TF,TF_TotalFruit,tree_df
TF,TF_TotFemS,treefruit_df
TF,TF_TotFlowerSink,tree_df
TF,TF_TotMaleS,treefruit_df
TF,TF_TrunkBiomass,tree_df
TF,TF_TrunkDiam,tree_df
TF,TF_TrunkDiamGrowth,tree_df
TF,TF_TrunkHIncr,tree_df
TF,TF_TrunkHIncStressFac,tree_df
TF,TF_TrunkIncrStressor,tree_df
TF,TF_TrunkTargetCum,tree_df
TF,TF_TrunkTargetF,tree_df
TF,TF_TrunkVolIncrement,tree_df
TF,TF_VegDemand,treepcomp_df
TF,TF_WatNutSuff,tree_df
TF,TF_WatStressAbortFrac,tree_df
TF,TF_WeightPassOn,treefruit_df
TF,TF_YNewLeaf_is,tree_df
TF,TF_YNewLeafF_is,tree_df
TP,TP_GrowthRate,
TP,TP_NumberofParasites,tree_df
TP,TP_Nutrient,treenut_df
TP,TP_ParasiteBiomass,treepcomp_df
TP,TP_ParasiteGrowth,treepcomp_df
TP,TP_RelNutSupplChange,tree_df
TP,TP_RelNutSupply,tree_df
TP,TP_RelNutSupplyDelayed,tree_df
TP,TP_RelWaterSupply,tree_df
TP,TP_WaterDemand,tree_df
T,TRtRootDecZone,zonepcomp_df
TW,TW_Best_is,treebuf_df
TW,TW_CheckShouldBe,tree_df
TW,TW_ConductanceSum,tree_df
TW,TW_Condutc,zonelayertree_df
TW,TW_DemandAct,tree_df
TW,TW_DemandActAll,
TW,TW_DemandActRange,treebuf_df
TW,TW_DemandPerRoot,tree_df
TW,TW_DemandPot,tree_df
TW,TW_DemandRedFac,tree_df
TW,TW_DemandRedFacRange,treebuf_df
TW,TW_DistAxialTransp,zonetree_df
TW,TW_DistAxialTranspMean,tree_df
TW,TW_DriestVoxel,tree_df
TW,TW_DryFactPower,tree_df
TW,TW_DryFactRangeInit,buf_df
TW,TW_DryPowerMax,
TW,TW_DryPowerMin,
TW,TW_DrySoilWeightFac,treebuf_df
TW,TW_EqTheta,zonelayertree_df
TW,TW_HEgrad,zonelayertree_df
TW,TW_HEqFactor,tree_df
TW,TW_Hyd,zonelayertree_df
TW,TW_HydFlux,zonelayertree_df
TW,TW_HydFluxPosTot,tree_df
TW,TW_HydFluxTot,zonelayertree_df
TW,TW_m,tree_df
TW,TW_MaxUptPot,tree_df
TW,TW_MeanDepthHydEq,zonetree_df
TW,TW_MeanDist,tree_df
TW,TW_OffSetBest,tree_df
TW,TW_PDryFactRUpd,tree_df
TW,TW_pFPotRhizOptT,zonetreebuf_df
TW,TW_pFZn,zonetree_df
TW,TW_PhiPot,zonelayertreebuf_df
TW,TW_Posgro,tree_df
TW,TW_PotAct,tree_df
TW,TW_PotBest,tree_df
TW,TW_PotDelta,zonelayertree_df
TW,TW_PotFlux,zonelayertree_df
TW,TW_PotFluxNeg,tree_df
TW,TW_PotFluxPos,tree_df
TW,TW_PotFluxSum,tree_df
TW,TW_PotFluxSumAbs,tree_df
TW,TW_PotFluxSumAbs,zonelayertree_df
TW,TW_PotLongitudinal,tree_df
TW,TW_PotPercvMax,tree_df
TW,TW_PotPercvMin,tree_df
TW,TW_PotRadial,tree_df
TW,TW_PotRange,treebuf_df
TW,TW_PotRhizOptT,zonetreebuf_df
TW,TW_PotRhizTheta,zonelayertreebuf_df
TW,TW_PotRhizZn,zonetree_df
TW,TW_PotRhizZnCor,zonetree_df
TW,TW_PotSoilMeanPerceived,treebuf_df
TW,TW_PotSoilStep,zonetreebuf_df
TW,TW_PotSoilStepMax,zonetree_df
TW,TW_PotSoilStepMin,zonetree_df
TW,TW_PotSuctAlphMax,tree_df
TW,TW_PotSuctAlphMin,tree_df
TW,TW_PotSuctHalf,tree_df
TW,TW_PotUptOptAll,treebuf_df
TW,TW_PStem,layertree_df
TW,TW_PStemSum,tree_df
TW,TW_PU,treebuf_df
TW,TW_RInv,zonelayertree_df
TW,TW_RInvSum,tree_df
TW,TW_ScalingFacNegFluxes,tree_df
TW,TW_ScalingFacPosFluxes,tree_df
TW,TW_TUptZn,zonetree_df
TW,TW_Upt,layertree_df
TW,TW_UptDeno,tree_df
TW,TW_UptDenoZn,zonetree_df
TW,TW_UptPot,tree_df
TW,TW_UptPotAll,
TW,TW_UptPotZn,zonetree_df
TW,TW_UptRelH,tree_df
TW,TW_UptRelV,layertree_df
TW,TW_UptTot,tree_df
TW,TW_UptTotAll,
TW,TW_UptTree,tree_df
TW,TW_WettestVoxel,tree_df
TW,TW_YDayUptChange,tree_df
W,W_Alpha,layer_df
W,W_AnaerobiosisIndex,zonelayer_df
W,W_AnaerobiosisIndex,zonelayer_df
W,W_AvgRelHDrain,layer_df
W,W_BDLayer,layer_df
W,W_CUpt,zonelayer_df
W,W_CUptPot,zonelayer_df
W,W_CUptPotAct,zonelayer_df
W,W_Drain,zonelayer_df
W,W_DrainCumV,zone_df
W,W_DrainLeftOver,zonelayer_df
W,W_EstDrain,zonelayer_df
W,W_FieldCap,zonelayer_df
W,W_FieldCapKcrit,zonelayer_df
W,W_FlagCropMS,zone_df
W,W_FlagCropMW,zone_df
W,W_FlagCropS,zone_df
W,W_FlagCropW,zone_df
W,W_FlagTreeMS,zonetree_df
W,W_FlagTreeMW,zonetree_df
W,W_FlagTreeS,zonetree_df
W,W_FlagTreeW,zonetree_df
W,W_HDrain,zonelayer_df
W,W_HDrainF,layer_df
W,W_HRelDr,zonetree_df
W,W_HRelDrain,zonelayer_df
W,W_HRelDrZoneWid,zonelayer_df
W,W_HRellDr,zone_df
W,W_HydEquil,zonelayer_df
W,W_In,zonelayer_df
W,W_Irrigation,
W,W_KSatH,zonelayer_df
W,W_LatRecharge,zonelayer_df
W,W_MaxSoilEvap,zone_df
W,W_n,layer_df
W,W_NetSeep,zonelayer_df
W,W_pFMS,zone_df
W,W_pFMW,zone_df
W,W_pFS,zone_df
W,W_pFW,zone_df
W,W_PhiPMS,zonelayer_df
W,W_PhiPMW,zonelayer_df
W,W_PhiPRhizRange,zonebuf_df
W,W_PhiPS,zonelayer_df
W,W_PhiPW,zonelayer_df
W,W_PhiTheta,zonelayer_df
W,W_PoreVol,zonelayer_df
W,W_PoreVolAbFC,zonelayer_df
W,W_PotUptMS,zonelayer_df
W,W_PotUptMW,zonelayer_df
W,W_PotUptOpt,zonelayertreebuf_df
W,W_PotUptOptTprofileZn,zonetreebuf_df
W,W_PotUptS,zonelayer_df
W,W_PotUptTProfile,treebuf_df
W,W_PotUptW,zonelayer_df
W,W_PRMid,zone_df
W,W_PRMS,zone_df
W,W_PRMW,zone_df
W,W_PRS,zone_df
W,W_PRW,zone_df
W,W_PStem,layertree_df
W,W_PTheta,zonelayer_df
W,W_RelDrain,zonelayer_df
W,W_Seep,zonetree_df
W,W_SeepOut,zone_df
W,W_Stock,zonelayer_df
W,W_StockAcc,zonelayer_df
W,W_TCW,
W,W_Theta,zonelayer_df
W,W_Theta,zonelayer_df
W,W_Theta,zonelayer_df
W,W_Theta,zonetree_df
W,W_Theta,zonelayer_df
W,W_ThetaI,zonelayer_df
W,W_ThetaInacc,zonelayer_df
W,W_ThetaMS,zonelayer_df
W,W_ThetaMW,zonelayer_df
W,W_ThetaP,zonelayer_df
W,W_ThetaPMax,zone_df
W,W_ThetaS,zonelayer_df
W,W_ThetaS,zone_df
W,W_ThetaSat,layer_df
W,W_ThetaW,zonelayer_df
W,W_TotSFlags,zone_df
W,W_TUpt,zonelayer_df
W,W_TUptPot,zonelayertree_df
W,W_TUptPotAct,zonelayertree_df
W,W_UptCCum,zonelayer_df
W,W_UptTCum,zonelayertree_df
W,W_VDrain,zonelayer_df
W,W_VDrainF,zone_df
W,W_WatDef,zonelayer_df
W,W_WatDefLog,zonelayer_df
W,W_WaterfilledPoreF,zonelayer_df
W,W_WaterLog,zonelayer_df
W,W_Theta,zonelayer_df
