var,type,subtype,id,group_id,order,label,desc,unit
AF_AnyTrees_is,vars,,38,,,,,
AF_Circ,vars,,6,,,,,
AF_Crop_is,vars,,38,,,,,
AF_DeepSubSoil,vars,,30,2,,,,
AF_DepthDynamic_is,vars,,29,1,,,,
AF_DepthGroundWater_Table,vars,,30,2,,,,
AF_DepthLay,arrays,layer,6,,,,,
AF_DynPestImpacts_is,vars,,38,,,,,
AF_LitLayerDepth,arrays,zone,6,,,,,
AF_PlotNumberUphill,vars,,30,3,,,,
AF_RunNutLim_is,arrays,nut,38,,,,,
AF_RunOnFrac,vars,,30,3,,,,
AF_RunWatLim_is,vars,,38,,,,,
AF_SimulateWeeds_is,vars,,38,17,,Are you simulating weed growth?,,
AF_SlopeSoilHoriz,vars,,29,1,,,,
AF_SlopeSurfInit,vars,,29,1,,,,
AF_StoneFrac,arrays,zonelayer,30,,,,,
AF_TreeCircleWeedFree_is,vars,,6,17,9,,,
AF_TreePosit,arrays,tree,6,,,,,
AF_WeedZn_is,arrays,zone,6,17,9,,,
AF_ZoneFrac,arrays,zone,6,,,,,
AF_ZoneTot,vars,,6,,,,,
AF_ZoneTree,arrays,zone,6,,,,,
AF_ZoneWidth,arrays,zone,6,,,,,
ASH_init_BD,vars,,19,,,,,
ASH_Init_Water,vars,,19,,,,,
ASH_layer_depth,arrays,zone,19,,,,,
ASH_SOM_pools,vars,,19,,,,,
ASH_Time,vars,,19,,,,,
C_ApplyMaintResp_is,vars,,21,,,,C_ApplyMaintResp? is a on/off switch for applying the maintenance respiration; for a default value of 0 all the rest is ignored,
C_BiomHarv_is,vars,,17,,,,,
C_BiomHarvestDoY,graphs,,17,,,,,
C_BiomHarvestFracD,graphs,,17,,,,,
C_BiomHarvestY,graphs,,17,,,,,
C_CanLow,arrays,zone,17,,,,,
C_DailyWeedSeedDecayFrac,vars,,17,8,,,,
C_GroResMobFrac,vars,,17,,,,,
C_HostEffForT1,arrays,crop,33,6,,,,
C_LAIMax,arrays,crop,17,,,,,
C_RelRespGroRes,vars,,21,,,,C_RelRespGroRes is the relative weighting factor for growth reserves as part of total biomass as used for maintenance respiration,
C_RelRespRt,vars,,21,,,,C_RelRespRt is the relative weighting factor for roots as part of total biomass as used for maintenance respiration,
C_RelRespStLv,vars,,21,,,,C_RelRespStLv is the relative weighting factor for stem&loeaves as part of total biomass as used for maintenance respiration,
C_RelRespYieldCurr,vars,,21,,,,C_RelRespCurrHarv is the relative weighting factor for developing fruits as part of total biomass as used for maintenance respiration,
C_ResidRemovalFrac,vars,,59,,,Fraction of Crop Residue removed from field,Mulching,
C_RespperBiom,vars,,21,,,,C_RespPerBiomass is the relative use of resources for maintenance respiration per unit biomass,
C_RespTemp,graphs,,21,,,,C_RespTemp is a graphical relation between temperature and maintenance respiration,
C_SeedConc,arrays,pcomp,17,,,,,
C_StressAccLim,vars,,17,,,,,
C_TMax,vars,,51,,,Maximum Air Temperature for Crop,,
C_TMin,vars,,51,,,Minimum Air Temperature for Crop,,
C_TOpt,vars,,51,,,Optimum Air Temperature for Crop,,
C_UnitConv,arrays,pcomp,17,,,,,
C_WeedGermFrac,vars,,17,8,,,,
C_WeedSeedBankInit,vars,,17,8,,,,
C_WeedSeedExtInflux,vars,,17,8,,,,
CA_ComplCrop,arrays,zone,17,,,,,
CA_DOYStart,vars,,17,,,,,
CA_ExtOrgApply_is,graphs,,17,,,,,
CA_FertAmount,graphs,,17,,,,,
CA_FertAppDoY,graphs,,17,,,,,
CA_FertApply_is,graphs,,17,,,,,
CA_FertAppYear,graphs,,17,,,,,
CA_ImmAmount,graphs,,17,,,,,
CA_ImmDOY,graphs,,17,,,,,
CA_ImmY,graphs,,17,,,,,
CA_PlantDoY,graphs,,17,,,,,
CA_PlantYear,graphs,,17,,,,,
ClayLayer,arrays,layer,9,,,,,
CQ_AgronYieldMoistFrac,arrays,crop,116,,,Standard moisture content,,
CQ_CHarvAlloc,graphs,,7,,,,,
CQ_ClosedCanCurr,arrays,crop,108,,,Canopy biomass for closed canopy ,,kg/m2 
CQ_CLWR,graphs,,7,,,,,
CQ_ConductivityCurr,arrays,crop,107,,,Hydraulic conductivity of roots,,cm/day 
CQ_CovEffCurr,arrays,crop,114,,,Crop cover efficiency factor,,
CQ_CRelLUE,graphs,,7,,,,,
CQ_CropGraze,vars,,7,,,,,
CQ_CropType,graphs,,7,,,,,
CQ_CropWeedSwitch,arrays,zone,7,,,,,
CQ_CRtAlloc,graphs,,7,,,,,
CQ_CSLA,graphs,,7,,,,,
CQ_CTimeGenCurr,arrays,crop,101,,,Length of generative stage,,days 
CQ_CTimeVegCurr,arrays,crop,101,,,Length of vegetative stage,,days 
CQ_DOYFlwDOYBegin,arrays,crop,102,,,Earliest day to flower in a year ,,Julian day
CQ_DOYFlwEnd,arrays,crop,102,,,Latest day to flower in a year ,,Julian day
CQ_GroMaxCurr,arrays,crop,103,,,Production of dry matter per day,,kg/(m2.day) 
CQ_GSeedCurr,arrays,crop,103,,,Seed weight,,kg/m2 
CQ_HBiomConvCurr,arrays,crop,103,,,Ratio of height increment to biomass incr.,,m/kg2 
CQ_kLightCurr,arrays,crop,104,,,Extinction light coefficient,,
CQ_LignResidCurr,arrays,crop,113,,,Lignin fraction of crop residue,,
CQ_LignRootResCurr,arrays,crop,113,,,Lignin fraction of crop root residue,,
CQ_MaxMycInf,arrays,crop,111,,,Fraction of roots infected by mychorrhiza,,
CQ_NConcOldCurr,arrays,cropnut,7,,,,,
CQ_NConcYoungCurr,arrays,cropnut,7,,,,,
CQ_NFixDailyFracCurr,arrays,crop,109,,,Proportion of N from atmosphere,,
CQ_NFixDWMaxFracCurr,arrays,crop,109,,,Fraction of reserve pool for N2 fix. ,,1/day
CQ_NFixDWUnitCostCurr,arrays,crop,109,,,Dry weight cost for N2 fixation,,kg(DW)/g(N)
CQ_NFixRespCurr,arrays,crop,109,,,Responsiveness of N2 fix. to N stress,,
CQ_NFixVariable_is_Curr,arrays,crop,109,,,Type of N2 fixation,,
CQ_NRtConcCurr,arrays,crop,108,,,N concentration in roots,,
CQ_PolyResid,arrays,crop,113,,,Polyphenol fraction of crop residue,,
CQ_PolyRt,arrays,crop,113,,,Polyphenol fraction of crop root residue,,
CQ_PotSuctAlphMaxCurr,arrays,crop,107,,,Maximum plant potential ,,cm 
CQ_PotSuctAlphMinCurr,arrays,crop,107,,,Minimum plant potential ,,cm 
CQ_RainWStorCapCurr,arrays,crop,106,,,Rainfall water stored at leaf surface,,mm
CQ_RelLightMaxCurr,arrays,crop,104,,,Relative light intensity at which shading starts to affect crop growth,,
CQ_RemobFrac,arrays,crop,103,,,Maximum proportion of crop biomass remobilized as storage component ,,1/day
CQ_RtDiam,arrays,crop,110,,,Root tip diameter,,cm
CQ_SingleCycle_is_Cur,arrays,crop,102,,,"Is it annual crop? 1=yes, 0 = no",,
CQ_Stage,arrays,zone,7,,,,,
CQ_StageAfterGraze,vars,,7,,,,,
CQ_TranspRatioCurr,arrays,crop,103,,,Water requirement for dry matter production,,l/kg 
CQ_WeedType,vars,,17,8,,,,
CW_Alpha,vars,,9,,,,,
CW_DryFactRangeChange,vars,,9,,,,,
CW_DryFactRangeInit,arrays,buf,9,,,,,
CW_DryFactRangePowerStart,vars,,9,,,,,
CW_DryPowerMax,vars,,9,,,,,
CW_DryPowerMin,vars,,9,,,,,
CW_EnergyDrivenEpot_is,vars,,9,,,,,
E_CovEffLitter,vars,,30,,,,,
E_CovEffT,arrays,tree,85,,,Tree cover efficiency factor,,
E_EntrailmentCoeffBarePlot,vars,,30,,,,,
E_ErosiType,vars,,30,,,"Type of erosion equation used (1 = USLE, 0 = Rose)",,
E_Erosiveness,graphs,,30,,,,,
E_IntvPloughPlant,vars,,55,12,,,,
E_PloughBefPlant_is,vars,,55,12,,,,
E_PloughDoY,graphs,,55,,,,,
E_PloughY,graphs,,55,,,,,
E_RainFac,vars,,30,23,,,,
E_RelSedConcRunOn,vars,,30,,,,,
E_SlopeFac,graphs,,30,,,,,
E_SoilMovperPlou,vars,,30,,,,,
E_SoilType,vars,,30,23,,,,
E_TillZone_is,arrays,zone,55,,,Tillage per zone,,
EVAP_InitSlashM,vars,,52,5,,,,
EVAP_InitWoodM,vars,,52,5,,,,
EVAP_MonthlyMean_AirTemp,arrays,calender,52,,,,,
EVAP_MonthlyMean_DayLength,arrays,calender,52,,,,,
EVAP_MulchEffSurfLit,vars,,52,5,,,,
EVAP_Pot_Thornthwaite_is,vars,,52,5,,,,
EVAP_SlashDryFact,vars,,52,5,,,,
EVAP_TranspRedFractrionBy_Can_Intercepted_Water,vars,,52,5,,,,
EVAP_WoodDryFact,vars,,52,5,,,,
G_AnimRespFrac,arrays,pcomp,37,,,,,
G_AnmWGfrac,arrays,pcomp,37,,,,,
G_BiomDep,graphs,,37,,,,,
G_DayDempKgDay,arrays,pcomp,37,,,,,
G_Graze_Offseason_is,vars,,37,,,,,
G_Graze_Zn_is,arrays,zone,37,,,,,
G_Grazing_Cycle,vars,,37,,,,,
G_LivestWeightGain,vars,,37,,,,,
G_Ndep,graphs,,37,,,,,
G_SLU,vars,,37,,,,,
G_StageDep,graphs,,37,,,,,
G_StockingRate_per_ha,vars,,37,,,,,
GHG_AnaerobLayerW,arrays,layer,117,,,,,
GHG_AnaerobMem,vars,,117,,,,,
GHG_AnaeroThresh,vars,,117,,,,,
GHG_CH4_Km,vars,,117,,,,,
GHG_GWP_CH4,vars,,117,,,,,
GHG_GWP_N2O,vars,,117,,,,,
GHG_LittMinMultiplier,vars,,117,,,,,
GHG_N2_per_NOx,graphs,,117,,,,,
GHG_PotCH4Em,vars,,117,,,,,
GHG_PotCH4oxid,vars,,117,,,,,
GHG_SatTimeDuringVDrainDay,vars,,117,,,,,
LF_FracGWReleaseAsInflow,vars,,30,3,,,,
LF_GW_ReleaseFraction,vars,,30,3,,,,
LF_SubSurfInflowAdd4,vars,,30,3,,,,
Ligh1tPerAngleUniform,vars,,16,,,,,
LIGHT_kTB,arrays,tree,16,,,,,
LIGHT_TBAI,vars,,16,,,,,
LIGHT_TBAI1,vars,,16,,,,,
Light2PerAngleSkewed,vars,,16,,,,,
Light3PerAngleVertical,arrays,angle,16,,,,,
LightAngles,arrays,angle,16,,,,,
LightSwitch,vars,,16,,,,,
Lrvm,arrays,croplayer,7,,,,,
MC_Carbon,vars,,66,,,,Organic inputs,
MC_CExtOrg,arrays,inp,67,,,,,
MC_CNRatInitMet,arrays,zone,61,,,Initial C in Litter Pool,,
MC_EffMetab,vars,,13,,,,,
MC_EffPass,vars,,13,,,,,
MC_EffSlwAct,vars,,13,,,,,
MC_EffSlwPass,vars,,13,,,,,
MC_EffStrucAct,vars,,13,,,,,
MC_EffStrucSlw,vars,,13,,,,,
MC_EffStrucSlwSOM,vars,,13,,,,,
MC_LignExtOrg,arrays,inp,67,,,,,
MC_LitTempLim,graphs,,13,,,,,
MC_PolypExtOrg,arrays,inp,67,,,,,
MC_RelKActLit,vars,,69,20,,,,
MC_RelKMetabLit,vars,,69,20,,,,
MC_RelKPassLit,vars,,69,20,,,,
MC_RelKSlwLit,vars,,69,20,,,,
MC_RelKStrucLit,vars,,69,20,,,,
MC_TextLitLayer,vars,,13,,,,,
MC2_ClayCoeffCref,vars,,69,18,,,,
MC2_CNRatInitMet,arrays,zone,13,,,,,
MC2_CorgInitMeth3,vars,,62,,,,For SomInitType3,
MC2_CorgpCref,vars,,62,,,,For SomInitType2,
MC2_CrefMeth3,vars,,62,,,,For SomInitType3,
MC2_CrefOffset,vars,,69,18,,,,
MC2_CSlowFrac,graphs,,13,,,,,
MC2_EffPass,vars,,13,,,,,
MC2_EffSlwAct,vars,,13,,,,,
MC2_EffStrucAc,vars,,13,,,,,
MC2_kAct,vars,,69,19,,,,
MC2_kMetab,vars,,69,19,,,,
MC2_kPass,vars,,69,19,,,,
MC2_kRelLayer,arrays,layer,13,,,,,
MC2_kSlw,vars,,69,19,,,,
MC2_kStruc,vars,,69,19,,,,
MC2_pH,vars,,69,,,Soil Properties,,
MC2_pHCoeffCref,vars,,69,18,,,,
MC2_RainTransfer,arrays,cpools,68,,,,,
MC2_SiltClayCoeffCref,vars,,69,18,,,,
MC2_SoilTillTransfer,arrays,cpools,68,,,,,
MC2_SOMDist,arrays,layer,63,,,SOM Distribution,,
MC2_SomInitType,vars,,62,,,,,
MC2_TempLim,graphs,,13,,,,,
MC2_WormTransfer,arrays,cpools,68,,,,,
MN_CNAct,vars,,64,,,,,
MN_CNPass,vars,,64,,,,,
MN_CNSlw,vars,,64,,,,,
MN_CNStruc,vars,,64,,,,,
MN_ExtOrgN,arrays,nutinp,67,,,,,
MN_FertDissFrac,arrays,nut,10,,,Fraction of Fertilizer Dissolved,,
MN_InitAct,arrays,zone,61,17,,,,
MN_InitMetab,arrays,zone,61,17,,,,
MN_InitPass,arrays,zone,61,17,,,,
MN_InitSlw,arrays,zone,61,17,,,,
MN_InitStruc,arrays,zone,61,17,,,,
MN_LatFlowFertKm,vars,,10,,,Runoff causes half of undissolved fertilizer moved,,
MN_NutRatAct,arrays,nut,65,,,,,
MN_NutRatMetab,arrays,nut,65,,,,,
MN_NutRatPas,arrays,nut,65,,,,,
MN_NutRatSlw,arrays,nut,65,,,,,
MN_NutRatStruc,arrays,nut,65,,,,,
MN2_InitAct,arrays,zone,13,,,,,
MN2_InitMetab,arrays,zone,13,,,,,
MN2_InitPassx,arrays,zone,13,,,,,
MN2_InitSlw,arrays,zone,13,,,,,
MN2_InitStruc,arrays,zone,13,,,,,
MN2_NSOMMinExch,vars,,13,,,,,
MN2_PassRelLayer,arrays,layer,13,,,,,
MP2_InitStruc,arrays,zone,13,,,,,
MP2_SomMinExchBuffer,vars,,13,,,,,
N_AtmosphDepos,arrays,nut,10,,,Nutrient atmospheric deposition,,
N_BypassMacro,arrays,zonelayer,10,,,Preferential Leaching,,
N_BypassMatrix,arrays,zonelayer,10,,,N Bypass Matrix,,
N_CNutMob,arrays,cropnut,10,,,,,
N_CRhizKaPMod,arrays,crop,10,,,,,
N_DiffCoef,vars,,10,,,,,
N_DiffCoef,arrays,nut,10,,,Nutrient diffusivity coefficient,,
N_FracNO3,arrays,zonelayer,10,,,Nitrate Fraction,,
N_ImInit,arrays,zonelayernut,10,,,Initial immobile N nad P [mg.cm-3],,
N_Init,arrays,zonelayer,10,,,,,
N_KaNH4,arrays,layer,10,,,Adsorption constant for ammonium in each soil layer,,
N_KaNO3,arrays,layer,10,,,Adsorption constant for nitrate in each soil layer,,
N_KaPDef,graphs,,10,,,,,
N_Lat4InflowRelConc,vars,,30,3,,,,
N_LittNmin1exchfact,vars,,10,,,,,
N_LossiCum,arrays,zonelayernut,10,,,,,
N_N_is,arrays,nut,10,,,,,
N_Nutmob,arrays,layernut,10,,,Nutrient mobilization due to non-root process,,
N_PStParam,arrays,zonelayer,10,,,,,
N_RtSynloc,arrays,layer,32,,,Sharing rhizosphere P mobilization?,,
N_TRhizKaPMod,arrays,tree,83,,,Reduction of constant P by root activity,,mg /cm
N_Use_NgassLossEst_is,vars,,10,,,,,
N15_Add,arrays,zonelayer,8,,,,,
N15_Stock,arrays,zonelayer,8,,,,,
N15_T_Can,arrays,tree,8,,,,,
N15_T_Fruit,arrays,tree,8,,,,,
N15_T_GroRes,arrays,tree,8,,,,,
N15_T_Rt,arrays,tree,8,,,,,
N15_T_Wd,arrays,tree,8,,,,,
P_BurnLab,vars,,22,,,,,
P_CFertLab,arrays,crop,22,,,,,
P_CHarvLab,arrays,crop,22,,,,,
P_CNuFertAppperCropSeason,vars,,17,,,,,
P_CPestConLab,arrays,crop,22,,,,,
P_CPestContPrice,arrays,price,22,,,,,
P_CPlantLab,arrays,crop,22,,,,,
P_CropProfThreshold,vars,,17,,,,,
P_CWeedLab,arrays,crop,22,,,,,
P_CYieldPrice,arrays,cropprice,22,,,,,
P_DiscountRate,vars,,22,,,,,
P_FenceMatCost,arrays,price,22,,,,,
P_LabourforPestContrl_is,vars,,22,,,,,
P_LabourforWeed_is,vars,,22,,,,,
P_PriceCSeed,arrays,cropprice,22,,,,,
P_PriceFert,arrays,nutprice,22,,,,,
P_TFertLab,arrays,tree,22,,,,,
P_TFruitHarvLab,arrays,tree,98,,,Labour for fruit harvesting per unit dry weight,,person days kg-1
P_TFruitPrice,arrays,treeprice,100,,,,,
P_TLatexHarvLab,arrays,tree,98,,,Labour for latex harvesting per unit dry weight,,person days kg-1
P_TLatexPrice,arrays,treeprice,100,,,,,
P_TNuFertAppperTreeAge,arrays,tree,53,,,,,
P_TPlantLab,arrays,tree,98,,,Labour for planting trees,,person days per tree
P_TPrunLab,arrays,tree,98,,,Labour for prunning trees per unit dry weight,,person days kg-1
P_TPrunPrice,arrays,treeprice,100,,,,,
P_TSeedPrice,arrays,treeprice,99,,,,,
P_TWoodHarvLab,arrays,tree,98,,,Labour for wood harvesting per unit dry weight,,person days kg-1
P_TWoodPrice,arrays,treeprice,100,,,,,
P_UnitLabCost,arrays,price,22,,,,,
P_UseCropStopRule_is,vars,,17,,,,,
PD_CFrugivore_is,arrays,animal,20,29,,,,
PD_CFrugivory,arrays,crop,20,26,,,,
PD_CHerbivore_is,arrays,animal,20,29,,,,
PD_CHerbivory,arrays,crop,20,24,,,,
PD_CRhizovore_is,arrays,animal,20,29,,,,
PD_CRhizovory,arrays,crop,20,25,,,,
PD_CropsEaten_is,arrays,cropanimal,20,,,,,
PD_FenceBuildDoY,graphs,,20,28,,,,
PD_FenceBuildLabSeq,graphs,,20,28,,,,
PD_FenceBuildY,graphs,,20,28,,,,
PD_FenceDecK,vars,,20,28,,,,
PD_FenceFullQual,vars,,20,28,,,,
PD_FenceMaint_is,vars,,20,28,,Fence maintenance,If PD_FenceM? = 1 it will be done automatically ,
PD_FenceMUnit,vars,,20,28,,,,
PD_FenceQThresh,vars,,20,28,,,,
PD_HalfFenceTime,vars,,20,,,,,
PD_JumptheFence_is,arrays,animal,20,27,,,,
PD_PopulOutside,arrays,animal,20,27,,,,
PD_ResidenceinPlot_is,arrays,animal,20,,,,,
PD_TEatenBy_is,arrays,treeanimal,20,,,,,
PD_TFrugiv_Abort,arrays,tree,20,26,,,,
PD_TFrugivore_is,arrays,animal,20,29,,,,
PD_THerbivore_is,arrays,animal,20,29,,,,
PD_THerbivory,arrays,tree,20,24,,,,
PD_TLignovore_is,arrays,animal,20,29,,,,
PD_TLignovory,arrays,tree,20,,,Lignovory,,
PD_TRhizovore_is,arrays,animal,20,25,,,,
PD_TRhizovory,arrays,tree,20,29,,,,
PStMax,arrays,layer,9,,,,,
PStMin,arrays,layer,9,,,,,
RAIN_AnMemory,vars,,45,,,,,
RAIN_AType,vars,,45,,1,Rainfall Type,,
RAIN_BoundHeaLi,vars,,48,,,,,
RAIN_CoefVar3,vars,,48,,,,,
RAIN_CoefVar4,vars,,49,,,,,
RAIN_CumDay,graphs,,45,,,,,
RAIN_Cycle_is,vars,,46,,,,,
RAIN_Data,graphs,,45,,,,,
RAIN_DayProp,graphs,,45,,,,,
RAIN_Gamma,vars,,45,,,,,
RAIN_GenSeed,vars,,45,,,,,
RAIN_Heavy,vars,,48,,,,,
RAIN_HeavyP,vars,,48,,,,,
RAIN_I_Initial_Value,vars,,45,,,,,
RAIN_IntensCoefVar,vars,,45,4,,,,
RAIN_IntensMean,vars,,45,4,,,,
RAIN_IntercDripRt,vars,,45,4,,,,
RAIN_IntMult,vars,,45,4,,,,
RAIN_Light,vars,,48,,,,,
RAIN_Max_IntDripDur,vars,,45,4,,,,
RAIN_MonthlyMean_RainfallMax,vars,,47,,,,,
RAIN_MonthlyMean_RainfallMin,vars,,47,,,,,
RAIN_MonthlyMean_TotalRainfall,arrays,calender,47,,,,,
RAIN_MonthTot,graphs,,49,,,,,
RAIN_Multiplier,vars,,38,,,,,
RAIN_Numberof_DaysperMonth,arrays,calender,45,,,,,
RAIN_Numberof_WetDaypM,arrays,calender,47,,,,,
RAIN_OffsetValue,vars,,47,,,,,
RAIN_Pattern1_Max,vars,,47,,,,,
RAIN_Pattern1_Min,vars,,47,,,,,
RAIN_Peakines_Season1,vars,,47,,,,,
RAIN_Peakines_Season2,vars,,47,,,,,
RAIN_PondFlwRt,vars,,45,4,,,,
RAIN_PondStoreCp,vars,,45,4,,,,
RAIN_Probability,vars,,47,,,,,
RAIN_RelWet_PersistencepM,arrays,calender,47,,,,,
RAIN_Shape_Max,vars,,47,,,,,
RAIN_Shape_Min,vars,,47,,,,,
RAIN_UniorBimodial_is,vars,,47,,,,,
RAIN_Weibull_Param,vars,,47,,,,,
RAIN_Weight,arrays,zone,45,,,Rainfall distribution,,
RAIN_WettestMonth_Season1,vars,,47,,,,,
RAIN_WettestMonth_Season2,vars,,47,,,,,
RAIN_YearStart,vars,,46,,,,,
RT_ACType,vars,,32,,1,Type of crop root density data,,
RT_ATType,arrays,tree,32,,1,Type of tree root density data,,
RT_CDecDepthAct,arrays,zone,32,,,,,
RT_CDecDepthC,arrays,crop,32,,,,,
RT_CDistResp,arrays,crop,32,,,,,
RT_CHalfLifeCurr,arrays,crop,32,,,,,
RT_CLraC,arrays,crop,32,,,,,
RT_CLrvPlatDep,vars,,32,,,,,
RT_CLrvt,graphs,,32,,,,,
RT_CMultiplier,vars,,32,,,Crop root length density multiplier,,
RT_CRhizExt,vars,,32,,,,,
RT_CRtAllocRespCurr,arrays,crop,32,,,,,
RT_CSRLCurr,arrays,crop,32,,,,,
RT_MCHypDiam,vars,,32,10,,Diameter of Crop Mycorrhiza,,
RT_MCHypL,vars,,32,10,,Length of Crop Mycorrhiza,,
RT_MCInfFrac,arrays,layer,32,11,,Rel Tree Mycor. Inf Fraction per layer,,
RT_MTHypDiam,arrays,tree,32,10,,Diameter of Tree Mycorrhiza,,
RT_MTHypL,arrays,tree,32,10,,Length of Tree Mycorrhiza,,
RT_MTInfFrac,arrays,layer,32,11,,Rel Crop Mycor. Inf Fraction per layer,,
RT_StopGap,vars,,32,,,,,
RT_T_FixedSRL,vars,,33,,,,,
RT_T_HostEffForT1,arrays,tree,33,6,,,,
RT_T_UseFBASRL_is,vars,,33,,,,,
RT_TAlloc,arrays,tree,83,33,,Reserve allocated to root without stress,,
RT_TAllocResp,arrays,tree,83,33,,Rensponsiveness of root to stress factor,,
RT_TDecDepthC,arrays,tree,83,32,,Decrease of root with depth,,m-1
RT_TDiam,arrays,tree,83,,,,,
RT_TDistResp,arrays,tree,83,33,,Root distribution by depth in good uptake,,m-1
RT_TDistShapeC,arrays,tree,83,32,,Tree root distribution shape ,,m-1
RT_THalfLife,arrays,tree,83,33,,Root half life,,days
RT_THalfRtAllocStage,vars,,33,,,,,
RT_TLraX0,arrays,tree,83,,,Total root length per unit area (x=0),Type 1,cm cm-2
RT_TLrvL_par,arrays,zonelayertree,83,,,Max. root length density,,
RT_TMultiplier,vars,,32,,,Tree root length density multiplier,,
RT_TProxGini,arrays,tree,83,33,,Gini coefficient,,
RT_TRhizExt,vars,,33,,,,,
RT_TRhizExt,arrays,tree,83,,,,,
RT3_AlphaLrv,arrays,tree,83,,,,,
RT3_Beta0,arrays,tree,83,,,,,
RT3_CoarseRtDecayCoeff,arrays,tree,83,,,,,
RT3_CR_TargFac,arrays,tree,83,,,,,
RT3_LamGeotrop,arrays,tree,83,,,,,
RT3_LamHor0,arrays,tree,83,,,,,
RT3_PowerAllocRtL,vars,,12,,,,,
RT3_SoilT,arrays,zonelayer,12,,,,,
RT3_TempRespforRtD,vars,,12,,,,,
RT3_TFRInit,arrays,zonelayertree,12,,,,,
RY,graphs,,9,,,,,
S_BDBDRefDecay,vars,,34,21,,,,
S_BDEqPower,vars,,34,,,,,
S_C_RT_StrucFormFrac,vars,,34,,,Fraction of root decay for root channels per m,,
S_KsatDefV,arrays,layer,34,,,,,
S_KSatHperV,arrays,zonelayer,34,,,KSat Ratio ,,
S_KsatInitV,arrays,layer,34,,,,,
S_KsatVDeepSub,vars,,34,21,,,,
S_RelSurfInfiltrInit,arrays,zone,34,22,,,,
S_RelWormLit,arrays,layer,34,21,,,,
S_RelWormSurf,vars,,34,21,,,,
S_SoilStructDyn_is,vars,,34,,1,Are you simulating a dynamic soil,,
S_SurfInfiltrPerKsatDef,arrays,zone,34,22,,,,
S_T_RT_StrucFormFrac,arrays,tree,34,,,,,
S_WormsLikeLitMetab,vars,,34,,,,,
S_WormsLikeLitStruc,vars,,34,,,,,
S_WormsLikeSOMMetab,vars,,34,,,,,
S_WormsLikeSOMStruc,vars,,34,,,,,
SB_2ndFireafterPileUp,vars,,40,,,,,
SB_AerosolFrac,graphs,,39,,,,,
SB_CritMoist,vars,,40,,,,,
SB_DailyDeadWoodLitTransfer,vars,,41,,,,,
SB_DailyNecromLitTransfer,vars,,41,,,,,
SB_DeadWoodBurnFrac,graphs,,39,,,,,
SB_DeadWoodFuelFact,vars,,41,,,,,
SB_DW_is,arrays,pcomp,39,,,,,
SB_FirImpPsorption,graphs,,39,,,,,
SB_FirIndPmobiliz,graphs,,39,,,,,
SB_FirMortSeedBank,graphs,,39,,,,,
SB_FuelloadFactor,vars,,41,,,,,
SB_InitialpH,vars,,39,,,,,
SB_LeafAshCont,vars,,39,,,,,
SB_MaxDryingPer,vars,,40,,,,,
SB_MinDryingPer,vars,,40,,,,,
SB_NecroBurnFrac,graphs,,39,,,,,
SB_NVolatFrac,graphs,,39,,,,,
SB_pHChangePerCationInput,vars,,39,,,,,
SB_pHmodPsorp,graphs,,39,,,,,
SB_pHRecFrac,vars,,41,,,,,
SB_PileUpFrac,vars,,40,,,,,
SB_PileUpWgt,arrays,zone,39,,,,,
SB_PsorpRecFrac,vars,,41,,,,,
SB_PVolatFrac,graphs,,39,,,,,
SB_ScorchWRemFra,vars,,41,,,,,
SB_SlashDOY,graphs,,42,,,,,
SB_SlashYear,graphs,,42,,,,,
SB_SOMBurnFrac,graphs,,39,,,,,
SB_SurfLitBurnFrac,graphs,,39,,,,,
SB_TimetoPileUp,vars,,40,,,,,
SB_TimeToWoodRemoval,vars,,40,,,,,
SB_TTempTol,arrays,tree,39,,,,,
SB_WatRetRecFrac,vars,,41,,,,,
SB_WetnessTempImp,vars,,41,,,,,
SB_WindEffect,vars,,39,,,,,
SB_WoodAshCont,vars,,39,,,,,
SiltLayer,arrays,layer,,,,,,
T_ApplyFBA_is,arrays,tree,43,,,,,
T_ApplyPalm_is,arrays,tree,43,,,,,
T_BarkThickness,graphs,,60,,,,,
T_BrownBast_is,vars,,60,,,,,
T_CanBiomInit,arrays,tree,43,,,,,
T_CanHMax,arrays,tree,73,,,Max. canopy height above bare stem,,m
T_CanMaintResp,vars,,60,15,,,,
T_CanShape,arrays,tree,73,,,Ratio between canopy width and height,,
T_CanWidthMax,arrays,tree,73,,,Max. canopy radius,,m
T_DCanWidthMax,vars,,43,,,,,
T_DiamBiom1,arrays,tree,82,,,Intercept for total biomass equation,,kg    
T_DiamBranch1,arrays,tree,82,,,Intercept for branch biomass equation,,kg    
T_DiamCumLit1,arrays,tree,82,,,Intercept for litterfall equation,,kg    
T_DiamLfTwig1,arrays,tree,82,,,Intercept for Leaf&twig biomass equation,,kg    
T_DiamRtLeng1,arrays,tree,83,33,,Intercept of total root length equation,,cm
T_DiamRtWght1,arrays,tree,83,33,,Intercept of total root weight equation,,kg
T_DiamSlopeBiom,arrays,tree,82,,,Power for total biomass equation,,cm-1
T_DiamSlopeBranch,arrays,tree,82,,,Power for branch biomass equation,,cm-1
T_DiamSlopeCumLit,arrays,tree,82,,,Power for litterfall equation,,cm-1
T_DiamSlopeLfTwig,arrays,tree,82,,,Power for Leaf&twig biomass equation,,cm-1
T_DiamSlopeRtLeng,arrays,tree,83,33,,Power of total root length equation,,
T_DiamSlopeRtWght,arrays,tree,83,33,,Power of total root weight equation,,cm-1
T_DiamTreshHarv,arrays,tree,59,,,Diameter of Timber Harvesting,,
T_DOY_1_LfFlush,arrays,tree,43,,,,,
T_DOY_2_LfFlush,arrays,tree,43,,,,,
T_DOY_Compl_1_LfFall,arrays,tree,43,,,,,
T_DOY_Compl_2_LfFall,arrays,tree,43,,,,,
T_DOY_SeaLitFall_1_Start,arrays,tree,43,,,,,
T_DOY_SeaLitFall_2_Start,arrays,tree,43,,,,,
T_DOYFlwBeg,arrays,tree,43,,,,,
T_DOYFlwEnd,arrays,tree,43,,,,,
T_DynTappingFrac,graphs,,60,,,,,
T_ExpRetThresh,vars,,60,14,,,,
T_FracSeasLitFll_1,arrays,tree,43,,,,,
T_FruitAllocDyn,graphs,,43,,,,,
T_FruitAllocStage,graphs,,58,,,,,
T_FruitConc,arrays,treepcomp,78,,,N & P concentration in fruit component,,g/g
T_FruitHarvFrac,arrays,tree,58,,,Fraction of fruit harvested,,
T_FruitLossHeight,arrays,tree,43,,,,,
T_FruitMoistFrac,arrays,tree,44,,,,,
T_GenLitFracMax,arrays,tree,58,,,Maximum fraction of fruit drop,,
T_GenLitStage,graphs,,58,,,,,
T_GraphLeafFall,graphs,,43,,,,,
T_GraphPhenol_is,arrays,tree,43,,,,,
T_GroMax,arrays,tree,71,,,Max. growth rate,,kg m-2
T_GroResConc,arrays,treepcomp,78,,,N concentration in carbohydrate reserves,,
T_GroResFrac,arrays,tree,71,,,Fraction of growth reserve,,
T_GroResInit,arrays,tree,43,,,,,
T_GrowResMobFrac,arrays,tree,43,,,,,
T_GrowResStorFrac,arrays,tree,43,,,,,
T_GrowthResp,vars,,60,15,,,,
T_HeartWoodAllocAftPruned_is,vars,,43,,,,,
T_InitStage,arrays,tree,70,,,Initial stage,,
T_Kill2DOY,arrays,tree,54,,,,,
T_Kill2Y,arrays,tree,54,,,,,
T_Kill3DOY,arrays,tree,54,,,,,
T_Kill3Y,arrays,tree,54,,,,,
T_KillDOY,arrays,tree,54,,,,,
T_KillY,arrays,tree,54,,,,,
T_klight,arrays,tree,74,,,Extinction light coefficient,,
T_LAIMax,arrays,tree,73,,,Maximum leaf area index,,
T_LAIMinMaxRatio,arrays,tree,73,,,Ratio leaf area index min. and max.,,
T_LatexFormResp,vars,,60,15,,,,
T_LatexMaintResp,vars,,60,15,,,,
T_LatexMoistFrac,arrays,tree,60,,,,,
T_LatexPotProd,graphs,,60,,,,,
T_LatexRecoveryTime,vars,,60,15,,,,
T_LeafFlush_is,graphs,,43,,,,,
T_LeafHalfLife,arrays,tree,43,,,,,
T_LfConc,arrays,treepcomp,78,,,N concentration in leaf component,,
T_LifallDelay,vars,,80,,,,,
T_LifallDroughtFrac,arrays,tree,80,,,Litterfall caused by drought,,day-0
T_LifallRed,arrays,treepcomp,80,,,,,
T_LiFallThreshWStress,arrays,tree,80,,,,,
T_LifallWeight,arrays,zonetree,35,,,,Litterfall distribution,
T_LignLifall,arrays,tree,81,,,Lignin fraction of litterfall,,
T_LignPrun,arrays,tree,81,,,Lignin fraction of pruned biomass,,
T_LignRt,arrays,tree,81,,,Lignin fraction of root,,
T_LWR,arrays,tree,71,,,Leaf weight ratio,,
T_MaxBarkLatexContent,vars,,60,15,,,,
T_MaxGrowthUtFrac,vars,,60,15,,,,
T_MaxUseFrac,vars,,60,15,,,,
T_MemExpY,vars,,60,14,,,,
T_MinDiamforTappingcm,vars,,60,13,,,,
T_MycMaxInf,arrays,tree,83,,,Fraction of roots infected by mychorrhiza,,
T_NDemandFrac,arrays,tree,43,,,,,
T_NFixDayFrac,arrays,tree,77,,,Proportion of N from atmosphere,,
T_NFixDWMaxFrac,arrays,tree,77,30,,Fraction of reserve pool for N2 fix. ,,
T_NFixDWUnitCost,arrays,tree,77,30,,Dry weight cost for N2 fixation,,
T_NFixResp,arrays,tree,77,30,,Responsiveness of N2 fix. to N stress,,
T_NFixVariable_is,arrays,tree,43,,,,,
T_NPosgroMin,arrays,treenut,43,,,,,
T_NutMob,arrays,treenut,43,,,,,
T_PanelQuality1,arrays,tree,60,16,,,,
T_PanelQuality2,arrays,tree,60,16,,,,
T_PanelRecoveryTime,vars,,60,16,,,,
T_PlantDoY,graphs,,43,,,,,
T_PlantY,graphs,,43,,,,,
T_PolypLifall,arrays,tree,81,,,Polyphenol fraction of litterfall,,
T_PolypPrun,arrays,tree,81,,,Polyphenol fraction of pruned biomass,,
T_PolypRt,arrays,tree,81,,,Polyphenol fraction of root,,
T_PrunDoY,graphs,,43,,,,,
T_PrunFracC,arrays,tree,57,,,Constant Pruning Fraction,,
T_PrunFracD,graphs,,57,,,,,
T_PrunHarvFracC,arrays,tree,57,,,Constant Harvested Pruning Fraction,,
T_PrunHarvFracD,graphs,,57,,,,,
T_PrunLimit,vars,,57,,,,,
T_PrunMoistFrac,arrays,tree,43,,,,,
T_PrunPlant_is,vars,,43,,,,,
T_PrunRecov,arrays,tree,43,,,Days before trees resprout,Recovery from pruning events,
T_PrunStageLimit,vars,,57,,,,,
T_PrunType_is,vars,,43,,,,,
T_PrunWeight,arrays,zonetree,57,,,Prunning Event,Returned Pruned Biomass Distribution,
T_PrunY,graphs,,43,,,,,
T_RainWStorCap,arrays,tree,75,,,Rainfall water stored at leaf surface,,mm
T_RecoveryExp,vars,,60,14,,,,
T_RelFruitAllocMax,arrays,tree,72,,,Fraction biomass allocated to fruit,,
T_RelLatexFormPriority,vars,,60,15,,,,
T_RelLightMaxGr,arrays,tree,74,,,Relative light intensity at which shading starts to affect tree growth,,
T_RelPosinZone,arrays,tree,43,,,,,
T_RelRtIncrTyp2,arrays,zonelayertree,43,,,,,
T_RestDaysperTappingday,graphs,,60,,,,,
T_Root,arrays,zonelayertreepcomp,43,,,,,
T_RootConductivity,arrays,tree,43,,,,,
T_RootIncFix,arrays,treepcomp,43,,,,,
T_RtAllocInit,arrays,tree,43,,,,,
T_RtConc,arrays,treepcomp,78,,,N & P concentration in root component,,
T_Rubber_is,arrays,tree,43,,,,,
T_SapWoodScalingRule,vars,,43,,,,,
T_SLA,arrays,tree,71,,,Specific leaf area,,m2/kg
T_SlashLabour,graphs,,39,,,,,
T_SlashSellWoodFrac,arrays,tree,39,,,,,
T_SRLfineroots,arrays,tree,43,,,,,
T_Stage,arrays,tree,43,,,,,
T_StageAftPrun,arrays,tree,70,,,Stage after pruning,,
T_StageAftPrun_is,arrays,treestage,57,,,Stage after pruning,,
T_StressAccLim,vars,,43,,,,,
T_StressRatio,vars,,43,,,,,
T_Tapatall_is,vars,,60,,,,,
T_TapGirthFraction,vars,,60,13,,,,
T_TappableHeight,vars,,60,13,,,,
T_TappDOW,vars,,60,14,,,,
T_TappingFrac,vars,,60,,,,,
T_TappingFracMultiplier,vars,,60,,,,,
T_TappingSlice,vars,,60,13,,,,
T_Temp,graphs,,60,,,,,
T_TempRespMaint,graphs,,60,,,,,
T_TimeGenCycle,arrays,tree,70,,,Length of generative cycle,,days
T_TimeVeg,arrays,tree,70,,,Length of vegetative cycle,,days
T_TranspRatio,arrays,tree,71,,,Water requirement for dry matter production,,l kg-0
T_TranspRatioConstant_is,vars,,43,,,,,
T_TranspRatioTime,graphs,,43,,,,,
T_Treesperha,arrays,tree,43,,,,,
T_TwigConc,arrays,treepcomp,78,,,N & P concentration in twig component,,g/g
T_UnitConv,arrays,pcomp,43,,,,,
T_WatStressMem,vars,,43,,,,,
T_WoodBiomInit,arrays,tree,43,,,,,
T_WoodConc,arrays,treepcomp,78,,,N & P concentration in twig component,,g/g
T_WoodDens,arrays,tree,82,,,Wood density,,kg m-2
T_WoodFracHRemain,arrays,tree,57,,,Fraction of Wood remaining,,
T_WoodHarvDoY,graphs,,59,,,,,
T_WoodHarvFrac,arrays,tree,59,,,Fraction Harvested Wood,Timber harvesting,
T_WoodHarvY,graphs,,59,,,,,
T_WoodHInit,arrays,tree,43,,,,,
T_WoodMaintResp,vars,,60,15,,,,
T_WoodMoistFrac,arrays,tree,44,,,,,
TEMP_AirDailyData,graphs,,51,,,,,
TEMP_AType,vars,,50,5,1,Soil Temperature Type,,
TEMP_Cons,vars,,50,5,2,Type 1 : constant temperature,,
TEMP_DailyPotEvap,graphs,,52,,,Daily soil evaporation potential,,
TEMP_MonthAvg,graphs,,50,,3,Type 2 : monthly average temperature,,
TEMP_PotEvapConst,vars,,52,,,Constant temperature,,
TEMP_PotEvapConst_is,vars,,52,,,Soil Evaporation Potential Type,,
TEMP_SoilDailyData,graphs,,50,,4,Type 3 : daily soil temperature,,
TF_AbRelSizePow,arrays,tree,97,,,,,
TF_CritFruitWaterPot,arrays,tree,97,,,,,cm
TF_DWCostUOil,arrays,tree,96,,,,,
TF_FemSinkperFruit,arrays,treefruit,95,,,,,
TF_FirstBudtoFlowerInit,arrays,tree,94,,,,,
TF_ForgetStress,arrays,tree,93,,,,,
TF_FrondHistFrac,arrays,tree,90,,,,,
TF_FrondLDpetInterc,arrays,tree,91,,,,,
TF_FrondLDpetPower,arrays,tree,91,,,,,
TF_FrondLengthStressFac,arrays,tree,90,,,,,
TF_FrondWDpetInterc,arrays,tree,91,,,,,
TF_FrondWDpetPower,arrays,tree,91,,,,,
TF_FruitLossHeight,arrays,tree,87,,,,,
TF_FruitMoistContent,vars,,87,,,,,
TF_FruitWaterPot,arrays,tree,97,,,,,cm
TF_InitFruitspBunch,graphs,,87,,,,,
TF_LeafCumInit,arrays,tree,93,,,,,
TF_LiFall_ResWithdrawl,vars,,87,,,,,
TF_LitFallRedFac,arrays,pcomp,87,,,,,
TF_MaleSinkperBunch,arrays,treefruit,95,,,,,kg/bunch
TF_MaleThresh,arrays,tree,94,,,,,
TF_MThreshtoWatStress,arrays,tree,94,,,,,
TF_PalmTrunkIntercept,arrays,tree,88,,,,,
TF_PalmTrunkInternode,arrays,tree,88,,,,,
TF_PhyllochronStressFac,arrays,tree,93,,,,,
TF_PollinationEffectiveness,graphs,,87,,,,,
TF_PollinationStage,arrays,fruit,87,,,,,
TF_PotentialFrondLength,graphs,,87,,,,,
TF_PotentialStemD,graphs,,87,,,,,
TF_PotLeaffall,graphs,,87,,,,,
TF_PotPhyllochronTime,graphs,,87,,,,,
TF_RadiometricFraction,arrays,tree,92,,,,,
TF_StageAbortSens,arrays,treefruit,97,,,,,
TF_StemDHistFrac,arrays,tree,89,,,,,
TF_StemDStressFactor,arrays,tree,89,,,,,
TF_StreesUpdateFraction,vars,,87,,,,,
TF_TargetOilperBunch,arrays,treefruit,96,,,,,
TF_TrunkHIncStressFac,arrays,tree,88,,,,,
TF_WatStressAbortFrac,arrays,tree,97,,,,,
TP_BiomNutrContent,arrays,pcomp,33,,,,,
TP_IncludeTreeParasites_is,vars,,33,,,,,
TP_MaxSizePerparasite,vars,,33,,,,,
TP_ParasiteRemoval,arrays,treepcomp,33,,,,,
TP_ParasitesPerM2ofBranch,vars,,33,,,,,
TP_SLA_LWR,vars,,33,,,,,
TP_TimeToReachMaxSize,vars,,33,,,,,
TP_WaterDemandperLeafArea,vars,,33,,,,,
TW_Alpha,vars,,9,,,,,
TW_DemActSubtract,arrays,buf,9,,,,,
TW_DryFactPowerInit,arrays,tree,76,,,,,
TW_DryFactPowerRangeChange,vars,,9,,,,,
TW_EnergyDrivenEpot_is,vars,,50,,,,,
TW_OffSetRel,arrays,buf,9,,,,,
TW_PhiPotTL,graphs,,9,,,,,
TW_PosgroMin,arrays,tree,76,,,,,
TW_PotSuctAlphMax,arrays,tree,76,,,Plant potential for max. transpiration,,cm
TW_PotSuctAlphMin,arrays,tree,76,,,Plant potential for min. transpiration,,cm
TW_RangeToppingUp,arrays,buf,9,,,,,
TW_ResistFact,arrays,tree,9,,,,,
TW_Water_Limited_is,arrays,zone,9,,,,,
W_Alpha,arrays,layer,23,,,,,
W_BDLayer,arrays,layer,23,,,,,
W_FieldCapKcrit,arrays,layer,23,,,,,
W_Hyd_is,vars,,38,,,,,
W_HydEqFraction,vars,,23,,,,,
W_Irrigation_Data,graphs,,23,,,,,
W_n,arrays,layer,23,,,,,
W_PhiPMS,graphs,,23,,,,,
W_PhiPMW,graphs,,23,,,,,
W_PhiPRhizRange,graphs,,23,,,,,
W_PhiPS,graphs,,23,,,,,
W_PhiPW,graphs,,23,,,,,
W_PhiTheta,graphs,,23,,,,,
W_PMax,vars,,23,,,,,
W_PTheta,graphs,,23,,,,,
W_SeepScalar,vars,,23,,,,,
W_ThetaInacc,arrays,layer,23,,,,,
W_ThetaInit,arrays,zonelayer,23,,,,,
W_ThetaP,graphs,,23,,,,,
W_ThetaPMax,graphs,,23,,,,,
W_ThetaSat,arrays,layer,23,,,,,
W_WaterLimited_is,arrays,zone,23,,,,,
W_WaterLog_is,vars,,38,,,,,
